CREATE DATABASE  IF NOT EXISTS `projekt` /*!40100 DEFAULT CHARACTER SET latin1 */;
USE `projekt`;
-- MySQL dump 10.13  Distrib 5.6.13, for Win32 (x86)
--
-- Host: 127.0.0.1    Database: projekt
-- ------------------------------------------------------
-- Server version	5.6.19

/*!40101 SET @OLD_CHARACTER_SET_CLIENT=@@CHARACTER_SET_CLIENT */;
/*!40101 SET @OLD_CHARACTER_SET_RESULTS=@@CHARACTER_SET_RESULTS */;
/*!40101 SET @OLD_COLLATION_CONNECTION=@@COLLATION_CONNECTION */;
/*!40101 SET NAMES utf8 */;
/*!40103 SET @OLD_TIME_ZONE=@@TIME_ZONE */;
/*!40103 SET TIME_ZONE='+00:00' */;
/*!40014 SET @OLD_UNIQUE_CHECKS=@@UNIQUE_CHECKS, UNIQUE_CHECKS=0 */;
/*!40014 SET @OLD_FOREIGN_KEY_CHECKS=@@FOREIGN_KEY_CHECKS, FOREIGN_KEY_CHECKS=0 */;
/*!40101 SET @OLD_SQL_MODE=@@SQL_MODE, SQL_MODE='NO_AUTO_VALUE_ON_ZERO' */;
/*!40111 SET @OLD_SQL_NOTES=@@SQL_NOTES, SQL_NOTES=0 */;

--
-- Table structure for table `car`
--

DROP TABLE IF EXISTS `car`;
/*!40101 SET @saved_cs_client     = @@character_set_client */;
/*!40101 SET character_set_client = utf8 */;
CREATE TABLE `car` (
  `id` int(11) NOT NULL AUTO_INCREMENT,
  `VIN` varchar(7) NOT NULL,
  `marka` varchar(20) DEFAULT NULL,
  `model` varchar(20) DEFAULT NULL,
  `pojemnosc` double DEFAULT NULL,
  `zdjecie` mediumblob,
  `id_uzytkownik` int(11) DEFAULT NULL,
  PRIMARY KEY (`id`),
  UNIQUE KEY `VIN_UNIQUE` (`VIN`),
  KEY `id_uzytkownik_FK_idx` (`id_uzytkownik`),
  CONSTRAINT `id_uzytkownik_FK` FOREIGN KEY (`id_uzytkownik`) REFERENCES `uzytkownik` (`id`) ON DELETE SET NULL ON UPDATE SET NULL
) ENGINE=InnoDB AUTO_INCREMENT=19 DEFAULT CHARSET=latin1;
/*!40101 SET character_set_client = @saved_cs_client */;

--
-- Dumping data for table `car`
--

LOCK TABLES `car` WRITE;
/*!40000 ALTER TABLE `car` DISABLE KEYS */;
INSERT INTO `car` VALUES (10,'1K80441','Ford','Focus',1.6,NULL,NULL),(18,'5068810','Opel','Astra',NULL,NULL,1);
/*!40000 ALTER TABLE `car` ENABLE KEYS */;
UNLOCK TABLES;

--
-- Table structure for table `obd2odczyt`
--

DROP TABLE IF EXISTS `obd2odczyt`;
/*!40101 SET @saved_cs_client     = @@character_set_client */;
/*!40101 SET character_set_client = utf8 */;
CREATE TABLE `obd2odczyt` (
  `id` int(11) NOT NULL AUTO_INCREMENT,
  `obciazenie_silnika` int(11) NOT NULL,
  `temp_chlodzacego` int(11) NOT NULL,
  `cisnienie_kolektora` int(11) NOT NULL,
  `obroty` double NOT NULL,
  `predkosc` int(11) NOT NULL,
  `temp_dolotu` int(11) NOT NULL,
  `polozenie_przepustnicy` int(11) NOT NULL,
  `data` datetime DEFAULT NULL,
  `car_id` int(11) DEFAULT NULL,
  PRIMARY KEY (`id`),
  KEY `VIN_id_FK_idx` (`car_id`),
  CONSTRAINT `VIN_id_FK` FOREIGN KEY (`car_id`) REFERENCES `car` (`id`) ON DELETE SET NULL ON UPDATE SET NULL
) ENGINE=InnoDB AUTO_INCREMENT=1078 DEFAULT CHARSET=latin1;
/*!40101 SET character_set_client = @saved_cs_client */;

--
-- Dumping data for table `obd2odczyt`
--

LOCK TABLES `obd2odczyt` WRITE;
/*!40000 ALTER TABLE `obd2odczyt` DISABLE KEYS */;
INSERT INTO `obd2odczyt` VALUES (6,33,103,32,805,0,41,20,NULL,NULL),(7,32,103,33,794,0,41,20,NULL,NULL),(8,32,103,33,802,0,41,20,NULL,NULL),(9,20,103,26,1264,0,41,20,NULL,NULL),(10,23,103,28,856,0,41,20,NULL,NULL),(11,28,72,28,1099,0,46,20,'2014-07-24 10:58:59',NULL),(12,27,73,28,1077,0,45,20,'2014-07-24 10:59:09',NULL),(13,27,74,28,1044,0,45,20,'2014-07-24 10:59:18',NULL),(14,26,75,28,1021,0,44,20,'2014-07-24 10:59:27',NULL),(15,26,76,29,1003,0,44,20,'2014-07-24 10:59:34',NULL),(16,26,77,29,982,0,44,20,'2014-07-24 10:59:44',NULL),(17,26,77,29,962,0,44,20,'2014-07-24 10:59:52',NULL),(18,27,78,29,945,0,43,20,'2014-07-24 11:00:01',NULL),(19,26,78,29,941,0,43,20,'2014-07-24 11:00:09',NULL),(20,26,79,29,917,0,42,20,'2014-07-24 11:00:17',NULL),(21,26,79,29,916,0,42,20,'2014-07-24 11:00:25',NULL),(22,26,80,31,878,0,42,20,'2014-07-24 11:00:34',NULL),(23,53,82,37,1144,0,41,20,'2014-07-24 11:00:42',NULL),(24,68,83,43,1447,1,38,38,'2014-07-24 11:00:50',NULL),(25,22,86,37,1734,25,38,20,'2014-07-24 11:00:58',NULL),(26,28,88,68,926,13,38,36,'2014-07-24 11:01:07',NULL),(27,36,89,27,1806,21,37,20,'2014-07-24 11:01:15',NULL),(28,25,90,75,1483,20,37,20,'2014-07-24 11:01:23',NULL),(29,23,93,24,1515,30,36,20,'2014-07-24 11:01:32',NULL),(30,27,94,39,1071,26,37,35,'2014-07-24 11:01:39',NULL),(31,16,95,78,2250,12,34,20,'2014-07-24 11:01:48',NULL),(32,61,98,24,1568,32,34,27,'2014-07-24 11:01:56',NULL),(33,79,100,21,1412,16,33,20,'2014-07-24 11:02:04',NULL),(34,55,102,67,1103,25,34,20,'2014-07-24 11:02:13',NULL),(35,16,103,26,1751,26,34,20,'2014-07-24 11:02:21',NULL),(36,33,103,31,901,11,34,31,'2014-07-24 11:02:29',NULL),(37,25,104,38,1906,24,33,20,'2014-07-24 11:02:38',NULL),(38,14,104,24,2180,32,33,33,'2014-07-24 11:02:46',NULL),(39,12,104,85,2086,19,31,20,'2014-07-24 11:02:54',NULL),(40,14,106,19,2000,42,32,20,'2014-07-24 11:03:03',NULL),(41,83,105,44,1226,24,31,40,'2014-07-24 11:03:11',NULL),(42,27,105,23,1786,37,31,20,'2014-07-24 11:03:19',NULL),(43,85,105,38,1022,18,32,23,'2014-07-24 11:03:28',NULL),(44,19,105,59,1772,22,31,22,'2014-07-24 11:03:36',NULL),(45,17,106,21,2018,37,30,20,'2014-07-24 11:03:44',NULL),(46,49,107,97,920,22,30,20,'2014-07-24 11:03:53',NULL),(47,15,107,22,1916,37,30,20,'2014-07-24 11:04:02',NULL),(48,36,107,75,894,10,31,20,'2014-07-24 11:04:10',NULL),(49,9,107,64,1399,18,31,37,'2014-07-24 11:04:19',NULL),(50,56,106,45,1487,32,29,29,'2014-07-24 11:04:27',NULL),(51,16,107,21,1649,35,30,20,'2014-07-24 11:04:35',NULL),(52,96,107,24,1604,2,29,36,'2014-07-24 11:04:44',NULL),(53,47,107,27,2034,17,29,54,'2014-07-24 11:04:52',NULL),(54,14,107,22,2427,36,29,39,'2014-07-24 11:05:00',NULL),(55,45,107,74,1730,20,28,20,'2014-07-24 11:05:08',NULL),(56,17,108,21,1918,37,29,20,'2014-07-24 11:05:17',NULL),(57,93,108,22,1297,13,28,20,'2014-07-24 11:05:25',NULL),(58,72,108,74,1357,23,29,20,'2014-07-24 11:05:33',NULL),(59,16,108,40,1810,28,29,41,'2014-07-24 11:05:42',NULL),(60,16,107,19,2297,28,29,20,'2014-07-24 11:05:50',NULL),(61,24,82,27,851,0,42,20,'2014-07-24 12:05:35',NULL),(62,25,84,28,813,0,42,20,'2014-07-24 12:06:06',NULL),(63,23,84,29,773,0,42,20,'2014-07-24 12:06:12',NULL),(64,23,87,27,805,0,42,20,'2014-07-24 12:07:01',NULL),(65,23,87,28,795,0,42,20,'2014-07-24 12:07:04',NULL),(66,23,87,28,800,0,42,20,'2014-07-24 12:07:08',NULL),(67,23,87,28,800,0,42,20,'2014-07-24 12:07:11',NULL),(68,21,89,28,787,0,42,20,'2014-07-24 12:07:55',NULL),(69,21,89,28,795,0,42,20,'2014-07-24 12:07:58',NULL),(70,21,90,28,807,0,42,20,'2014-07-24 12:08:02',NULL),(71,21,90,28,804,0,42,20,'2014-07-24 12:08:05',NULL),(72,20,93,28,800,0,43,20,'2014-07-24 12:08:44',NULL),(73,20,93,28,801,0,43,20,'2014-07-24 12:08:47',NULL),(74,20,94,27,804,0,43,20,'2014-07-24 12:08:50',NULL),(75,22,82,25,897,0,45,20,'2014-07-24 12:15:02',NULL),(76,21,82,25,889,0,45,20,'2014-07-24 12:15:05',NULL),(77,22,83,25,888,0,45,20,'2014-07-24 12:15:09',NULL),(78,22,84,26,881,0,45,20,'2014-07-24 12:15:13',NULL),(79,21,84,25,876,0,45,20,'2014-07-24 12:15:16',NULL),(80,20,85,25,851,0,45,20,'2014-07-24 12:15:20',NULL),(81,21,85,25,844,0,45,20,'2014-07-24 12:15:23',NULL),(82,20,85,25,828,0,45,20,'2014-07-24 12:15:25',NULL),(83,20,85,25,823,0,45,20,'2014-07-24 12:15:28',NULL),(84,20,86,26,816,0,46,20,'2014-07-24 12:15:31',NULL),(85,19,86,25,809,0,46,20,'2014-07-24 12:15:34',NULL),(86,20,86,26,804,0,46,20,'2014-07-24 12:15:37',NULL),(87,21,86,26,807,0,46,20,'2014-07-24 12:15:40',NULL),(88,20,87,26,795,0,46,20,'2014-07-24 12:15:43',NULL),(89,21,87,26,793,0,46,20,'2014-07-24 12:15:45',NULL),(90,21,87,27,797,0,46,20,'2014-07-24 12:15:48',NULL),(91,21,87,26,802,0,46,20,'2014-07-24 12:15:51',NULL),(92,21,88,27,790,0,46,20,'2014-07-24 12:15:54',NULL),(93,21,88,27,801,0,46,20,'2014-07-24 12:15:57',NULL),(94,23,88,26,802,0,46,20,'2014-07-24 12:16:00',NULL),(95,21,88,26,798,0,46,20,'2014-07-24 12:16:03',NULL),(96,20,88,26,803,0,46,20,'2014-07-24 12:16:05',NULL),(97,21,89,27,807,0,46,20,'2014-07-24 12:16:08',NULL),(98,21,89,26,791,0,46,20,'2014-07-24 12:16:11',NULL),(99,21,89,27,786,0,46,20,'2014-07-24 12:16:14',NULL),(100,21,89,27,795,0,46,20,'2014-07-24 12:16:17',NULL),(190,23,89,27,792,0,46,20,'2014-07-24 12:16:26',10),(191,23,90,27,800,0,46,20,'2014-07-24 12:16:29',10),(192,23,90,28,804,0,46,20,'2014-07-24 12:16:32',10),(193,22,90,27,792,0,46,20,'2014-07-24 12:16:35',10),(194,23,90,27,804,0,46,20,'2014-07-24 12:16:38',10),(195,23,92,28,802,0,46,20,'2014-07-24 12:16:40',10),(196,22,92,29,812,0,46,20,'2014-07-24 12:16:43',10),(197,27,92,37,1123,0,45,23,'2014-07-24 12:16:46',10),(198,24,92,24,1304,0,45,20,'2014-07-24 12:16:49',10),(199,34,93,27,737,0,45,20,'2014-07-24 12:16:52',10),(200,29,93,32,1043,0,44,21,'2014-07-24 12:16:55',10),(201,33,94,44,1073,0,44,20,'2014-07-24 12:16:58',10),(202,14,94,23,1070,3,44,29,'2014-07-24 12:17:01',10),(203,40,95,50,1594,0,44,27,'2014-07-24 12:17:04',10),(204,45,95,40,1095,8,44,25,'2014-07-24 12:17:07',10),(205,42,95,34,1661,12,43,20,'2014-07-24 12:17:10',10),(206,52,96,55,1350,15,43,32,'2014-07-24 12:17:12',10),(207,51,97,32,1451,18,43,20,'2014-07-24 12:17:15',10),(208,16,98,20,1483,20,43,20,'2014-07-24 12:17:18',10),(209,18,99,24,1124,16,43,20,'2014-07-24 12:17:21',10),(210,24,99,31,765,10,44,20,'2014-07-24 12:17:24',10),(211,45,99,56,811,10,44,30,'2014-07-24 12:17:27',10),(212,60,99,52,1185,14,43,31,'2014-07-24 12:17:30',10),(213,18,100,20,1650,21,43,20,'2014-07-24 12:17:33',10),(214,13,100,18,1485,20,43,20,'2014-07-24 12:17:35',10),(215,17,100,31,1010,16,43,20,'2014-07-24 12:17:39',10),(216,19,100,30,911,6,44,36,'2014-07-24 12:17:42',10),(217,13,100,28,1336,2,44,20,'2014-07-24 12:17:44',10),(218,22,100,29,804,0,44,20,'2014-07-24 12:17:47',10),(219,25,99,29,802,0,49,20,'2014-08-04 13:38:09',10),(220,24,99,28,803,0,49,20,'2014-08-04 13:38:13',10),(221,25,99,38,806,0,49,23,'2014-08-04 13:38:18',10),(222,16,99,26,1293,0,49,20,'2014-08-04 13:38:22',10),(223,38,99,37,1009,1,49,20,'2014-08-04 13:38:26',10),(224,19,99,52,1094,2,49,32,'2014-08-04 13:38:29',10),(225,56,100,52,1195,7,48,33,'2014-08-04 13:38:33',10),(226,79,100,49,1364,18,48,32,'2014-08-04 13:38:36',10),(227,16,100,19,1755,24,48,20,'2014-08-04 13:38:40',10),(228,15,102,22,1349,19,48,20,'2014-08-04 13:38:43',10),(229,22,102,31,816,13,48,23,'2014-08-04 13:38:47',10),(230,36,100,43,1064,13,48,26,'2014-08-04 13:38:50',10),(231,18,100,22,1282,17,48,26,'2014-08-04 13:38:54',10),(232,23,100,24,1347,17,48,27,'2014-08-04 13:38:57',10),(233,59,100,35,1529,19,48,20,'2014-08-04 13:39:01',10),(234,17,94,31,1380,0,54,25,'2014-08-04 13:44:35',10),(235,38,94,43,662,3,53,20,'2014-08-04 13:44:42',10),(236,74,95,18,1379,4,52,42,'2014-08-04 13:44:48',10),(237,18,97,20,1582,32,51,20,'2014-08-04 13:44:55',10),(238,19,98,82,995,28,52,54,'2014-08-04 13:45:01',10),(239,57,98,22,2502,36,49,20,'2014-08-04 13:45:07',10),(240,50,99,76,1715,36,50,54,'2014-08-04 13:45:13',10),(241,16,100,23,2354,50,49,20,'2014-08-04 13:45:19',10),(242,90,100,94,1020,14,49,53,'2014-08-04 13:45:25',10),(243,14,102,19,3464,45,48,20,'2014-08-04 13:45:30',10),(244,13,103,19,2773,40,49,20,'2014-08-04 13:45:36',10),(245,86,100,39,1507,20,48,43,'2014-08-04 13:45:42',10),(246,18,102,22,1863,37,48,20,'2014-08-04 13:45:48',10),(247,18,102,98,1137,22,49,68,'2014-08-04 13:45:54',10),(248,32,102,28,2092,25,47,20,'2014-08-04 13:46:00',10),(249,18,103,60,1659,25,48,36,'2014-08-04 13:46:06',10),(250,18,103,22,1676,23,48,29,'2014-08-04 13:46:11',10),(251,16,102,21,1662,22,48,20,'2014-08-04 13:46:17',10),(252,20,102,55,1068,16,49,28,'2014-08-04 13:46:23',10),(253,48,102,44,1434,16,48,20,'2014-08-04 13:46:29',10),(254,26,102,20,2036,28,48,20,'2014-08-04 13:46:35',10),(255,18,100,28,1173,20,49,25,'2014-08-04 13:46:41',10),(256,49,100,25,1051,5,48,27,'2014-08-04 13:46:47',10),(257,100,100,79,1391,15,47,29,'2014-08-04 13:46:53',10),(258,40,102,23,1789,35,46,20,'2014-08-04 13:46:59',10),(259,15,103,21,1582,34,48,20,'2014-08-04 13:47:04',10),(260,18,102,57,953,21,48,69,'2014-08-04 13:47:10',10),(261,13,102,60,2471,28,47,36,'2014-08-04 13:47:16',10),(262,36,103,49,1862,39,47,37,'2014-08-04 13:47:22',10),(263,15,103,20,1871,40,47,20,'2014-08-04 13:47:28',10),(264,16,103,95,893,18,48,60,'2014-08-04 13:47:34',10),(265,100,103,70,2062,28,45,40,'2014-08-04 13:47:40',10),(266,16,104,20,2053,43,45,20,'2014-08-04 13:47:45',10),(267,97,104,96,1105,17,46,52,'2014-08-04 13:47:51',10),(268,13,104,19,2463,35,45,20,'2014-08-04 13:47:57',10),(269,62,104,62,1310,18,46,36,'2014-08-04 13:48:03',10),(270,17,104,26,1703,27,46,20,'2014-08-04 13:48:09',10),(271,24,104,90,1075,1,47,36,'2014-08-04 13:48:15',10),(272,38,104,83,2356,16,46,40,'2014-08-04 13:48:20',10),(273,13,105,18,2254,32,46,20,'2014-08-04 13:48:26',10),(274,18,104,27,915,13,47,20,'2014-08-04 13:48:31',10),(275,37,67,37,1371,0,32,20,'2014-08-04 16:58:16',10),(276,43,68,33,1126,4,32,35,'2014-08-04 16:58:21',10),(277,56,70,27,1917,12,32,35,'2014-08-04 16:58:28',10),(278,28,73,28,1971,26,31,20,'2014-08-04 16:58:34',10),(279,34,74,33,1477,16,32,24,'2014-08-04 16:58:40',10),(280,84,75,80,1525,17,31,20,'2014-08-04 16:58:46',10),(281,19,77,24,2430,34,31,20,'2014-08-04 16:58:51',10),(282,78,78,69,1643,20,31,20,'2014-08-04 16:58:56',10),(283,25,79,25,1773,35,31,20,'2014-08-04 16:59:02',10),(284,27,80,30,1335,32,31,20,'2014-08-04 16:59:08',10),(285,80,82,68,1415,16,31,20,'2014-08-04 16:59:13',10),(286,17,83,25,2329,32,31,40,'2014-08-04 16:59:19',10),(287,55,84,22,2565,29,30,20,'2014-08-04 16:59:24',10),(288,17,85,22,2510,37,31,20,'2014-08-04 16:59:30',10),(289,53,86,26,1669,21,31,20,'2014-08-04 16:59:34',10),(290,21,87,45,1630,24,31,20,'2014-08-04 16:59:39',10),(291,22,87,26,1176,17,31,20,'2014-08-04 16:59:44',10),(292,28,88,58,852,1,32,26,'2014-08-04 16:59:49',10),(293,20,88,24,955,7,31,20,'2014-08-04 16:59:53',10),(294,15,88,36,842,1,32,20,'2014-08-04 16:59:58',10),(295,27,88,31,753,0,32,20,'2014-08-04 17:00:03',10),(296,23,88,29,787,0,32,20,'2014-08-04 17:00:09',10),(297,62,88,60,1894,0,31,20,'2014-08-04 17:00:14',10),(298,82,88,54,1545,17,31,46,'2014-08-04 17:00:18',10),(299,65,89,89,2678,41,30,50,'2014-08-04 17:00:23',10),(300,15,93,92,2805,58,29,51,'2014-08-04 17:00:28',10),(301,13,95,21,2593,73,29,22,'2014-08-04 17:00:33',10),(302,30,98,24,2526,70,29,20,'2014-08-04 17:00:37',10),(303,13,99,19,2453,70,30,20,'2014-08-04 17:00:42',10),(304,20,98,25,1509,49,31,20,'2014-08-04 17:00:46',10),(305,22,98,32,783,27,31,20,'2014-08-04 17:00:51',10),(306,21,97,28,728,17,31,20,'2014-08-04 17:00:56',10),(307,23,97,26,886,15,31,20,'2014-08-04 17:01:01',10),(308,20,97,33,888,4,32,20,'2014-08-04 17:01:06',10),(309,27,97,30,760,0,32,20,'2014-08-04 17:01:10',10),(310,26,97,30,748,0,32,20,'2014-08-04 17:01:15',10),(311,25,97,30,742,0,32,20,'2014-08-04 17:01:20',10),(312,21,97,29,826,0,32,20,'2014-08-04 17:01:24',10),(313,39,97,40,747,0,32,20,'2014-08-04 17:01:29',10),(314,28,97,56,1213,2,32,31,'2014-08-04 17:01:34',10),(315,12,97,43,2172,14,32,20,'2014-08-04 17:01:38',10),(316,18,98,22,1587,23,31,20,'2014-08-04 17:01:43',10),(317,50,98,23,1472,18,31,20,'2014-08-04 17:01:48',10),(318,15,99,43,1482,20,32,28,'2014-08-04 17:01:52',10),(319,51,99,66,1713,22,31,20,'2014-08-04 17:01:56',10),(320,16,100,24,1582,32,31,20,'2014-08-04 17:02:01',10),(321,23,82,94,851,0,37,74,'2014-08-04 14:11:31',18),(322,8,82,94,1260,0,36,75,'2014-08-04 14:11:37',18),(323,37,67,37,1371,0,32,20,'2014-08-04 16:58:16',10),(324,43,68,33,1126,4,32,35,'2014-08-04 16:58:21',10),(325,56,70,27,1917,12,32,35,'2014-08-04 16:58:28',10),(326,28,73,28,1971,26,31,20,'2014-08-04 16:58:34',10),(327,34,74,33,1477,16,32,24,'2014-08-04 16:58:40',10),(328,84,75,80,1525,17,31,20,'2014-08-04 16:58:46',10),(329,19,77,24,2430,34,31,20,'2014-08-04 16:58:51',10),(330,78,78,69,1643,20,31,20,'2014-08-04 16:58:56',10),(331,25,79,25,1773,35,31,20,'2014-08-04 16:59:02',10),(332,27,80,30,1335,32,31,20,'2014-08-04 16:59:08',10),(333,80,82,68,1415,16,31,20,'2014-08-04 16:59:13',10),(334,17,83,25,2329,32,31,40,'2014-08-04 16:59:19',10),(335,55,84,22,2565,29,30,20,'2014-08-04 16:59:24',10),(336,17,85,22,2510,37,31,20,'2014-08-04 16:59:30',10),(337,53,86,26,1669,21,31,20,'2014-08-04 16:59:34',10),(338,21,87,45,1630,24,31,20,'2014-08-04 16:59:39',10),(339,22,87,26,1176,17,31,20,'2014-08-04 16:59:44',10),(340,28,88,58,852,1,32,26,'2014-08-04 16:59:49',10),(341,20,88,24,955,7,31,20,'2014-08-04 16:59:53',10),(342,15,88,36,842,1,32,20,'2014-08-04 16:59:58',10),(343,27,88,31,753,0,32,20,'2014-08-04 17:00:03',10),(344,23,88,29,787,0,32,20,'2014-08-04 17:00:09',10),(345,62,88,60,1894,0,31,20,'2014-08-04 17:00:14',10),(346,82,88,54,1545,17,31,46,'2014-08-04 17:00:18',10),(347,65,89,89,2678,41,30,50,'2014-08-04 17:00:23',10),(348,15,93,92,2805,58,29,51,'2014-08-04 17:00:28',10),(349,13,95,21,2593,73,29,22,'2014-08-04 17:00:33',10),(350,30,98,24,2526,70,29,20,'2014-08-04 17:00:37',10),(351,13,99,19,2453,70,30,20,'2014-08-04 17:00:42',10),(352,20,98,25,1509,49,31,20,'2014-08-04 17:00:46',10),(353,22,98,32,783,27,31,20,'2014-08-04 17:00:51',10),(354,21,97,28,728,17,31,20,'2014-08-04 17:00:56',10),(355,23,97,26,886,15,31,20,'2014-08-04 17:01:01',10),(356,20,97,33,888,4,32,20,'2014-08-04 17:01:06',10),(357,27,97,30,760,0,32,20,'2014-08-04 17:01:10',10),(358,26,97,30,748,0,32,20,'2014-08-04 17:01:15',10),(359,25,97,30,742,0,32,20,'2014-08-04 17:01:20',10),(360,21,97,29,826,0,32,20,'2014-08-04 17:01:24',10),(361,39,97,40,747,0,32,20,'2014-08-04 17:01:29',10),(362,28,97,56,1213,2,32,31,'2014-08-04 17:01:34',10),(363,12,97,43,2172,14,32,20,'2014-08-04 17:01:38',10),(364,18,98,22,1587,23,31,20,'2014-08-04 17:01:43',10),(365,50,98,23,1472,18,31,20,'2014-08-04 17:01:48',10),(366,15,99,43,1482,20,32,28,'2014-08-04 17:01:52',10),(367,51,99,66,1713,22,31,20,'2014-08-04 17:01:56',10),(368,16,100,24,1582,32,31,20,'2014-08-04 17:02:01',10),(369,24,72,26,1106,0,48,20,'2014-08-05 15:46:59',10),(370,23,74,24,1072,0,48,20,'2014-08-05 15:47:09',10),(371,21,79,27,924,0,49,20,'2014-08-05 15:48:19',10),(372,16,80,28,1711,0,48,20,'2014-08-05 15:48:25',10),(373,20,80,32,1653,0,48,23,'2014-08-05 15:48:30',10),(374,41,82,28,1276,8,48,21,'2014-08-05 15:48:36',10),(375,44,84,52,1033,14,48,23,'2014-08-05 15:48:41',10),(376,41,85,39,1422,19,47,37,'2014-08-05 15:48:46',10),(377,16,86,28,2038,26,47,22,'2014-08-05 15:48:51',10),(378,17,87,22,1395,28,47,20,'2014-08-05 15:48:56',10),(379,27,88,31,740,20,47,25,'2014-08-05 15:49:01',10),(380,80,88,88,910,8,46,41,'2014-08-05 15:49:06',10),(381,14,89,19,2276,31,46,20,'2014-08-05 15:49:10',10),(382,21,90,28,1511,24,46,35,'2014-08-05 15:49:15',10),(383,36,92,34,1794,23,46,28,'2014-08-05 15:49:20',10),(384,16,94,21,1555,31,46,20,'2014-08-05 15:49:25',10),(385,18,94,27,1334,28,46,20,'2014-08-05 15:49:31',10),(386,88,95,84,1164,13,45,20,'2014-08-05 15:49:36',10),(387,40,95,28,1559,31,44,20,'2014-08-05 15:49:42',10),(388,56,97,62,1605,32,44,20,'2014-08-05 15:49:47',10),(389,16,98,21,1776,37,44,20,'2014-08-05 15:49:53',10),(390,18,99,82,895,19,46,49,'2014-08-05 15:49:58',10),(391,14,100,37,2450,28,43,28,'2014-08-05 15:50:04',10),(392,16,102,22,1735,37,43,20,'2014-08-05 15:50:09',10),(393,20,103,26,995,14,44,29,'2014-08-05 15:50:15',10),(394,56,103,37,833,9,43,20,'2014-08-05 15:50:20',10),(395,10,103,32,1448,19,44,39,'2014-08-05 15:50:25',10),(396,15,103,40,2116,26,43,23,'2014-08-05 15:50:30',10),(397,45,104,33,1528,31,43,30,'2014-08-05 15:50:34',10),(398,35,104,28,1468,30,43,21,'2014-08-05 15:50:39',10),(399,17,105,24,1318,28,43,20,'2014-08-05 15:50:44',10),(400,74,104,32,1467,20,43,20,'2014-08-05 15:50:49',10),(401,77,104,54,816,12,43,21,'2014-08-05 15:50:53',10),(402,85,105,90,819,12,43,55,'2014-08-05 15:50:58',10),(403,81,105,29,1713,19,41,20,'2014-08-05 15:51:02',10),(404,14,106,19,2032,29,41,20,'2014-08-05 15:51:07',10),(405,17,106,74,1250,19,42,47,'2014-08-05 15:51:11',10),(406,14,106,45,2187,25,41,35,'2014-08-05 15:51:16',10),(407,18,106,21,1623,34,41,22,'2014-08-05 15:51:21',10),(408,17,107,24,1265,27,41,20,'2014-08-05 15:51:28',10),(409,94,106,92,1031,12,41,46,'2014-08-05 15:51:33',10),(410,14,106,19,2264,32,40,20,'2014-08-05 15:51:38',10),(411,58,107,66,1297,19,41,43,'2014-08-05 15:51:44',10),(412,16,107,19,2078,25,39,20,'2014-08-05 15:51:48',10),(413,38,107,45,1410,22,41,46,'2014-08-05 15:51:53',10),(414,83,107,80,1974,23,38,20,'2014-08-05 15:51:58',10),(415,43,107,21,1922,40,39,20,'2014-08-05 15:52:03',10),(416,14,107,20,1755,37,40,20,'2014-08-05 15:52:07',10),(417,17,107,28,971,23,41,20,'2014-08-05 15:52:11',10),(418,61,106,40,1144,14,41,30,'2014-08-05 15:52:16',10),(419,15,106,20,1674,23,41,20,'2014-08-05 15:52:21',10),(420,61,105,31,697,5,41,20,'2014-08-05 15:52:26',10),(421,14,105,36,1176,4,42,20,'2014-08-05 15:52:31',10),(422,25,62,26,1333,0,46,20,'2014-08-05 16:59:53',10),(423,24,64,25,1309,0,46,20,'2014-08-05 16:59:59',10),(424,26,65,35,1492,0,46,20,'2014-08-05 17:00:05',10),(425,58,67,37,918,0,46,22,'2014-08-05 17:00:11',10),(426,36,69,26,1693,12,45,20,'2014-08-05 17:00:18',10),(427,42,72,22,2012,15,44,26,'2014-08-05 17:00:24',10),(428,43,73,37,1864,24,44,20,'2014-08-05 17:00:29',10),(429,21,75,23,2124,30,44,20,'2014-08-05 17:00:35',10),(430,27,77,38,1449,17,44,25,'2014-08-05 17:00:41',10),(431,50,78,32,1614,19,43,20,'2014-08-05 17:00:46',10),(432,25,79,26,1748,27,43,34,'2014-08-05 17:00:53',10),(433,65,80,22,1987,23,42,20,'2014-08-05 17:00:58',10),(434,24,83,26,1506,32,43,22,'2014-08-05 17:01:04',10),(435,23,85,27,1362,18,43,20,'2014-08-05 17:01:10',10),(436,17,85,24,1388,13,43,20,'2014-08-05 17:01:16',10),(437,21,85,29,807,1,44,20,'2014-08-05 17:01:21',10),(438,14,85,59,1827,9,43,34,'2014-08-05 17:01:28',10),(439,16,86,21,1802,24,43,20,'2014-08-05 17:01:34',10),(440,18,87,28,986,18,43,20,'2014-08-05 17:01:39',10),(441,18,87,29,753,0,44,20,'2014-08-05 17:01:45',10),(442,20,88,28,764,0,44,20,'2014-08-05 17:01:51',10),(443,20,88,28,749,0,44,20,'2014-08-05 17:01:56',10),(444,20,88,29,750,0,44,20,'2014-08-05 17:02:02',10),(445,20,88,28,752,0,44,20,'2014-08-05 17:02:08',10),(446,20,88,28,752,0,44,20,'2014-08-05 17:02:14',10),(447,21,88,28,760,0,44,20,'2014-08-05 17:02:20',10),(448,67,88,74,1057,0,43,20,'2014-08-05 17:02:26',10),(449,96,89,22,2666,31,39,43,'2014-08-05 17:02:31',10),(450,88,93,20,2965,57,38,51,'2014-08-05 17:02:37',10),(451,100,98,20,2752,74,37,20,'2014-08-05 17:02:43',10),(452,13,102,21,2783,79,39,20,'2014-08-05 17:02:49',10),(453,13,102,19,2419,70,40,20,'2014-08-05 17:02:55',10),(454,18,99,32,973,36,41,20,'2014-08-05 17:03:00',10),(455,24,99,30,634,0,41,20,'2014-08-05 17:03:06',10),(456,22,99,45,756,0,42,44,'2014-08-05 17:03:12',10),(457,15,99,26,1789,19,41,41,'2014-08-05 17:03:18',10),(458,77,100,20,1753,20,39,20,'2014-08-05 17:03:24',10),(459,18,102,28,1266,26,40,20,'2014-08-05 17:03:29',10),(460,96,102,22,1456,5,39,49,'2014-08-05 17:03:35',10),(461,76,103,37,2152,39,38,35,'2014-08-05 17:03:41',10),(462,15,105,35,2004,45,38,24,'2014-08-05 17:03:46',10),(463,18,105,21,1608,45,38,20,'2014-08-05 17:03:53',10),(464,60,105,24,1436,40,39,26,'2014-08-05 17:03:58',10),(465,36,105,21,1241,39,39,20,'2014-08-05 17:04:04',10),(466,54,105,33,1487,32,39,24,'2014-08-05 17:04:10',10),(467,18,105,21,1506,31,39,20,'2014-08-05 17:04:16',10),(468,19,104,27,1181,24,40,20,'2014-08-05 17:04:21',10),(469,24,104,29,773,12,41,34,'2014-08-05 17:04:27',10),(470,13,104,26,1803,12,40,32,'2014-08-05 17:04:33',10),(471,54,105,25,1523,19,39,27,'2014-08-05 17:04:39',10),(472,16,105,21,1864,26,39,24,'2014-08-05 17:04:45',10),(473,65,105,56,1673,21,39,20,'2014-08-05 17:04:50',10),(474,45,105,23,1576,32,38,20,'2014-08-05 17:04:56',10),(475,19,105,27,1034,30,39,20,'2014-08-05 17:05:02',10),(476,26,105,31,873,3,40,20,'2014-08-05 17:05:08',10),(477,22,105,32,778,0,41,20,'2014-08-05 17:05:14',10),(478,22,105,31,696,0,41,20,'2014-08-05 17:05:19',10),(479,23,104,30,741,0,41,20,'2014-08-05 17:05:25',10),(480,24,104,30,750,0,41,20,'2014-08-05 17:05:31',10),(481,25,103,30,747,0,41,20,'2014-08-05 17:05:36',10),(482,25,103,29,756,0,42,20,'2014-08-05 17:05:42',10),(483,24,103,29,774,0,42,20,'2014-08-05 17:05:48',10),(484,25,103,28,751,0,42,20,'2014-08-05 17:05:54',10),(485,88,103,82,1407,0,40,23,'2014-08-05 17:06:00',10),(486,14,103,47,2357,31,39,27,'2014-08-05 17:06:06',10),(487,15,104,21,1808,37,39,20,'2014-08-05 17:06:11',10),(488,74,103,91,1885,24,38,52,'2014-08-05 17:06:18',10),(489,88,104,91,2113,45,37,52,'2014-08-05 17:06:23',10),(490,33,106,74,2598,58,36,41,'2014-08-05 17:06:29',10),(491,16,107,21,2050,58,37,20,'2014-08-05 17:06:34',10),(492,16,107,26,1537,45,38,20,'2014-08-05 17:06:41',10),(493,54,106,75,1197,14,38,48,'2014-08-05 17:06:46',10),(494,78,106,21,1744,34,37,20,'2014-08-05 17:06:52',10),(495,14,105,20,1935,41,38,20,'2014-08-05 17:06:58',10),(496,18,105,28,1149,29,39,20,'2014-08-05 17:07:04',10),(497,22,104,31,749,0,40,29,'2014-08-05 17:07:09',10),(498,14,103,33,1102,8,40,21,'2014-08-05 17:07:15',10),(499,51,103,57,1089,9,40,25,'2014-08-05 17:07:21',10),(500,27,103,23,1513,12,40,20,'2014-08-05 17:07:26',10),(501,11,103,24,973,8,41,21,'2014-08-05 17:07:32',10),(502,16,103,35,940,7,41,20,'2014-08-05 17:07:38',10),(503,17,103,48,733,3,41,30,'2014-08-05 17:07:43',10),(504,19,103,33,916,8,41,24,'2014-08-05 17:07:48',10),(505,31,103,30,923,7,41,21,'2014-08-05 17:07:54',10),(506,14,103,21,1027,8,41,20,'2014-08-05 17:07:59',10),(507,18,102,33,1031,9,42,20,'2014-08-05 17:08:04',10),(508,22,102,29,743,0,42,20,'2014-08-05 17:08:09',10),(509,19,100,62,993,0,42,28,'2014-08-05 17:08:14',10),(510,46,100,40,1412,9,41,20,'2014-08-05 17:08:19',10),(511,16,100,21,1693,14,41,20,'2014-08-05 17:08:24',10),(512,18,100,29,974,8,42,20,'2014-08-05 17:08:29',10),(513,19,100,29,769,0,42,20,'2014-08-05 17:08:34',10),(514,70,100,23,1445,0,42,20,'2014-08-05 17:08:38',10),(515,27,100,27,561,2,42,20,'2014-08-05 17:08:43',10),(516,57,100,55,1506,0,42,25,'2014-08-05 17:08:48',10),(517,36,100,20,1719,12,42,20,'2014-08-05 17:08:53',10),(518,20,100,36,926,16,42,20,'2014-08-05 17:08:58',10),(519,9,100,87,692,11,43,35,'2014-08-05 17:09:03',10),(520,18,100,22,1780,13,42,20,'2014-08-05 17:09:08',10),(521,29,100,70,884,8,42,20,'2014-08-05 17:09:13',10),(522,18,100,61,783,4,42,26,'2014-08-05 17:09:18',10),(523,18,100,22,1287,10,42,20,'2014-08-05 17:09:23',10),(524,21,100,34,944,8,43,20,'2014-08-05 17:09:27',10),(525,23,92,28,799,0,52,20,'2014-08-05 17:18:10',10),(526,22,92,27,793,0,52,20,'2014-08-05 17:18:16',10),(527,25,92,28,759,0,52,20,'2014-08-05 17:18:21',10),(528,58,93,58,1531,2,51,32,'2014-08-05 17:18:26',10),(529,14,94,70,2087,15,49,41,'2014-08-05 17:18:31',10),(530,52,95,20,2152,26,47,30,'2014-08-05 17:18:36',10),(531,92,97,75,1406,30,47,36,'2014-08-05 17:18:41',10),(532,78,99,22,1766,35,46,20,'2014-08-05 17:18:46',10),(533,19,100,27,1486,32,47,20,'2014-08-05 17:18:51',10),(534,59,102,55,1105,14,47,36,'2014-08-05 17:18:56',10),(535,61,102,20,2290,28,46,36,'2014-08-05 17:19:01',10),(536,96,103,83,2121,40,44,48,'2014-08-05 17:19:06',10),(537,14,104,20,2465,61,44,20,'2014-08-05 17:19:10',10),(538,14,104,21,2179,61,46,20,'2014-08-05 17:19:15',10),(539,16,102,21,1738,52,47,20,'2014-08-05 17:19:20',10),(540,41,100,59,933,21,47,42,'2014-08-05 17:19:24',10),(541,64,99,19,2171,26,45,20,'2014-08-05 17:19:29',10),(542,46,100,50,1381,30,46,34,'2014-08-05 17:19:34',10),(543,83,100,73,1451,28,45,40,'2014-08-05 17:19:39',10),(544,17,102,20,2025,41,44,20,'2014-08-05 17:19:43',10),(545,15,103,20,1697,37,46,20,'2014-08-05 17:19:48',10),(546,19,102,31,939,24,46,20,'2014-08-05 17:19:53',10),(547,19,102,30,719,2,47,20,'2014-08-05 17:19:57',10),(548,21,100,31,760,0,47,20,'2014-08-05 17:20:02',10),(549,24,100,31,751,0,48,20,'2014-08-05 17:20:06',10),(550,22,100,29,752,0,48,20,'2014-08-05 17:20:11',10),(551,22,100,27,752,0,48,32,'2014-08-05 17:20:16',10),(552,82,100,25,1524,0,46,20,'2014-08-05 17:20:21',10),(553,82,100,67,1459,17,46,20,'2014-08-05 17:20:26',10),(554,14,102,21,1923,28,46,20,'2014-08-05 17:20:30',10),(555,17,102,26,1183,17,47,20,'2014-08-05 17:20:35',10),(556,29,102,29,844,2,47,20,'2014-08-05 17:20:40',10),(557,24,100,30,753,0,48,20,'2014-08-05 17:20:44',10),(558,23,100,30,761,0,48,20,'2014-08-05 17:20:49',10),(559,22,100,29,747,0,48,20,'2014-08-05 17:20:54',10),(560,27,100,29,703,0,49,44,'2014-08-05 17:20:58',10),(561,100,100,82,889,1,47,20,'2014-08-05 17:21:03',10),(562,85,100,20,2261,26,45,43,'2014-08-05 17:21:08',10),(563,17,102,19,2107,41,44,20,'2014-08-05 17:21:13',10),(564,16,103,22,1817,39,46,20,'2014-08-05 17:21:17',10),(565,60,103,77,1548,32,46,42,'2014-08-05 17:21:22',10),(566,15,102,40,2166,42,45,23,'2014-08-05 17:21:26',10),(567,42,103,75,1640,46,45,20,'2014-08-05 17:21:31',10),(568,26,103,45,1674,48,45,20,'2014-08-05 17:21:36',10),(569,15,102,21,1974,41,47,20,'2014-08-05 17:21:41',10),(570,19,100,22,1547,32,47,20,'2014-08-05 17:21:48',10),(571,20,100,46,854,20,47,36,'2014-08-05 17:21:53',10),(572,31,100,27,1729,21,46,20,'2014-08-05 17:21:57',10),(573,31,100,34,1624,22,47,24,'2014-08-05 17:22:01',10),(574,53,99,54,1710,22,46,20,'2014-08-05 17:22:06',10),(575,60,100,93,1445,29,46,52,'2014-08-05 17:22:11',10),(576,94,102,86,2318,45,42,20,'2014-08-05 17:22:16',10),(577,34,103,64,2113,59,43,42,'2014-08-05 17:22:21',10),(578,68,104,61,2340,65,41,20,'2014-08-05 17:22:26',10),(579,62,105,49,1897,68,42,27,'2014-08-05 17:22:32',10),(580,19,105,40,1880,67,43,34,'2014-08-05 17:22:37',10),(581,68,104,78,1845,65,43,39,'2014-08-05 17:22:41',10),(582,33,104,23,1955,70,42,32,'2014-08-05 17:22:46',10),(583,41,104,24,1894,67,43,20,'2014-08-05 17:22:51',10),(584,15,103,21,1751,63,44,20,'2014-08-05 17:22:56',10),(585,18,102,26,1419,53,45,20,'2014-08-05 17:23:01',10),(586,27,100,46,671,20,46,37,'2014-08-05 17:23:06',10),(587,63,100,21,1835,21,44,20,'2014-08-05 17:23:10',10),(588,20,99,41,1034,18,45,25,'2014-08-05 17:23:15',10),(589,13,99,28,928,8,46,20,'2014-08-05 17:23:20',10),(590,27,99,30,739,0,46,45,'2014-08-05 17:23:24',10),(591,38,99,27,1429,0,45,20,'2014-08-05 17:23:29',10),(592,88,99,80,620,1,45,41,'2014-08-05 17:23:34',10),(593,13,100,61,2773,21,44,20,'2014-08-05 17:23:38',10),(594,99,102,87,2121,26,42,20,'2014-08-05 17:23:43',10),(595,66,103,27,2153,43,41,20,'2014-08-05 17:23:48',10),(596,22,103,33,2061,44,43,32,'2014-08-05 17:23:52',10),(597,69,103,23,2006,41,42,20,'2014-08-05 17:23:57',10),(598,17,103,24,1677,39,43,27,'2014-08-05 17:24:01',10),(599,75,103,23,1724,20,42,61,'2014-08-05 17:24:06',10),(600,17,103,22,1822,37,42,20,'2014-08-05 17:24:11',10),(601,18,104,31,938,20,43,20,'2014-08-05 17:24:16',10),(602,29,103,27,755,4,44,20,'2014-08-05 17:24:21',10),(603,19,103,31,806,0,45,20,'2014-08-05 17:24:25',10),(604,22,103,29,751,0,46,20,'2014-08-05 17:24:30',10),(605,43,103,54,1669,0,45,27,'2014-08-05 17:24:35',10),(606,17,103,22,1736,14,45,26,'2014-08-05 17:24:39',10),(607,18,103,21,1802,14,45,20,'2014-08-05 17:24:44',10),(608,32,103,35,1445,10,45,20,'2014-08-05 17:24:49',10),(609,46,103,58,1368,11,45,20,'2014-08-05 17:24:53',10),(610,88,103,79,1538,20,43,20,'2014-08-05 17:24:58',10),(611,38,104,22,1708,34,43,20,'2014-08-05 17:25:03',10),(612,18,104,27,1188,30,44,20,'2014-08-05 17:25:07',10),(613,84,104,82,818,12,45,20,'2014-08-05 17:25:12',10),(614,40,104,26,1373,18,44,22,'2014-08-05 17:25:16',10),(615,25,104,32,1660,22,45,27,'2014-08-05 17:25:21',10),(616,31,104,25,1935,25,45,20,'2014-08-05 17:25:26',10),(617,14,104,21,1883,26,46,20,'2014-08-05 17:25:31',10),(618,29,104,21,1719,23,46,21,'2014-08-05 17:25:36',10),(619,18,103,20,1706,22,46,20,'2014-08-05 17:25:41',10),(620,19,103,26,1253,19,46,20,'2014-08-05 17:25:46',10),(621,87,103,83,870,10,45,41,'2014-08-05 17:25:50',10),(622,87,103,86,2343,28,42,20,'2014-08-05 17:25:55',10),(623,68,105,36,2203,45,42,20,'2014-08-05 17:26:00',10),(624,14,105,19,2248,48,43,20,'2014-08-05 17:26:04',10),(625,17,105,21,1575,38,44,24,'2014-08-05 17:26:09',10),(626,36,105,44,1433,19,44,27,'2014-08-05 17:26:14',10),(627,30,105,32,1709,23,44,21,'2014-08-05 17:26:18',10),(628,17,105,24,1540,22,45,20,'2014-08-05 17:26:23',10),(629,71,104,59,742,8,46,28,'2014-08-05 17:26:28',10),(630,53,104,19,1527,9,44,27,'2014-08-05 17:26:33',10),(631,16,105,22,1381,19,45,20,'2014-08-05 17:26:37',10),(632,21,105,65,889,12,46,47,'2014-08-05 17:26:41',10),(633,18,105,22,1700,19,44,20,'2014-08-05 17:26:46',10),(634,17,105,27,1544,21,45,25,'2014-08-05 17:26:51',10),(635,16,105,23,1371,19,46,20,'2014-08-05 17:26:56',10),(636,36,104,24,546,11,46,20,'2014-08-05 17:27:02',10),(637,52,104,27,761,4,46,20,'2014-08-05 17:27:06',10),(638,29,85,27,963,0,58,21,'2014-08-05 18:22:28',10),(639,28,86,28,673,4,58,32,'2014-08-05 18:22:33',10),(640,63,88,19,1677,10,55,34,'2014-08-05 18:22:38',10),(641,67,90,20,2016,24,54,20,'2014-08-05 18:22:45',10),(642,16,93,21,1951,28,54,20,'2014-08-05 18:22:51',10),(643,41,95,24,1597,22,55,20,'2014-08-05 18:22:56',10),(644,21,95,26,1165,18,55,20,'2014-08-05 18:23:01',10),(645,54,96,50,1114,6,55,34,'2014-08-05 18:23:06',10),(646,60,97,56,1685,20,54,32,'2014-08-05 18:23:11',10),(647,16,98,22,1992,28,54,20,'2014-08-05 18:23:16',10),(648,25,99,30,866,12,54,20,'2014-08-05 18:23:21',10),(649,24,100,60,818,0,54,39,'2014-08-05 18:23:25',10),(650,69,100,21,1751,10,52,40,'2014-08-05 18:23:30',10),(651,75,103,21,2136,26,50,35,'2014-08-05 18:23:35',10),(652,75,104,36,1866,37,50,34,'2014-08-05 18:23:39',10),(653,74,106,20,2136,43,49,39,'2014-08-05 18:23:44',10),(654,53,107,56,1710,47,49,29,'2014-08-05 18:23:49',10),(655,37,108,24,1765,49,50,24,'2014-08-05 18:23:54',10),(656,21,108,22,1715,48,51,20,'2014-08-05 18:23:58',10),(657,15,107,21,1593,45,51,20,'2014-08-05 18:24:03',10),(658,34,107,44,1803,37,52,15,'2014-08-05 18:24:08',10),(659,42,106,34,1758,36,51,24,'2014-08-05 18:24:12',10),(660,18,106,21,1756,36,51,36,'2014-08-05 18:24:17',10),(661,74,106,22,1815,35,49,20,'2014-08-05 18:24:22',10),(662,15,106,20,1773,37,50,20,'2014-08-05 18:24:26',10),(663,56,106,55,1385,28,50,37,'2014-08-05 18:24:31',10),(664,78,105,62,1699,33,48,29,'2014-08-05 18:24:36',10),(665,41,106,24,2016,41,48,20,'2014-08-05 18:24:41',10),(666,17,107,26,1777,40,49,23,'2014-08-05 18:24:46',10),(667,54,107,56,1331,17,49,33,'2014-08-05 18:24:51',10),(668,47,107,24,1632,21,48,20,'2014-08-05 18:24:55',10),(669,64,107,74,1504,20,48,40,'2014-08-05 18:25:00',10),(670,15,107,22,2187,30,47,20,'2014-08-05 18:25:05',10),(671,26,107,27,1204,17,48,20,'2014-08-05 18:25:09',10),(672,18,107,84,911,8,49,47,'2014-08-05 18:25:14',10),(673,12,107,88,2482,17,47,20,'2014-08-05 18:25:19',10),(674,16,107,24,1856,27,47,20,'2014-08-05 18:25:23',10),(675,20,107,34,1008,8,48,20,'2014-08-05 18:25:28',10),(676,29,99,22,869,0,52,23,'2014-08-05 18:28:29',10),(677,30,100,49,2343,2,51,20,'2014-08-05 18:28:35',10),(678,84,100,24,1100,0,49,22,'2014-08-05 18:28:40',10),(679,17,102,21,1698,23,49,20,'2014-08-05 18:28:46',10),(680,20,103,26,1146,18,51,40,'2014-08-05 18:28:51',10),(681,58,103,57,1161,14,49,42,'2014-08-05 18:28:56',10),(682,16,104,19,2202,26,48,20,'2014-08-05 18:29:03',10),(683,41,104,60,1394,20,49,37,'2014-08-05 18:29:07',10),(684,16,104,26,1805,25,48,27,'2014-08-05 18:29:13',10),(685,41,105,46,1692,19,48,37,'2014-08-05 18:29:18',10),(686,75,105,87,2184,27,46,20,'2014-08-05 18:29:23',10),(687,17,105,19,2103,41,46,20,'2014-08-05 18:29:28',10),(688,17,106,24,1654,37,47,27,'2014-08-05 18:29:33',10),(689,45,105,56,1728,23,47,45,'2014-08-05 18:29:38',10),(690,43,105,60,3234,41,44,73,'2014-08-05 18:29:43',10),(691,95,106,27,2605,52,42,40,'2014-08-05 18:29:49',10),(692,74,107,72,2081,57,42,40,'2014-08-05 18:29:54',10),(693,74,108,81,2160,60,42,20,'2014-08-05 18:29:59',10),(694,36,108,24,2184,62,43,26,'2014-08-05 18:30:04',10),(695,15,108,22,1953,56,44,20,'2014-08-05 18:30:09',10),(696,18,106,28,1446,45,46,20,'2014-08-05 18:30:13',10),(697,26,105,28,780,16,46,20,'2014-08-05 18:30:18',10),(698,82,104,19,1283,7,45,39,'2014-08-05 18:30:23',10),(699,69,104,39,1541,20,45,38,'2014-08-05 18:30:28',10),(700,40,104,37,2172,26,44,30,'2014-08-05 18:30:33',10),(701,30,104,48,2490,35,43,46,'2014-08-05 18:30:38',10),(702,60,105,66,1794,37,43,28,'2014-08-05 18:30:43',10),(703,63,105,90,1979,40,42,59,'2014-08-05 18:30:49',10),(704,62,106,23,2504,49,41,20,'2014-08-05 18:30:54',10),(705,15,106,28,2322,49,43,20,'2014-08-05 18:30:58',10),(706,15,106,24,1939,42,44,20,'2014-08-05 18:31:03',10),(707,33,105,26,621,18,45,20,'2014-08-05 18:31:08',10),(708,90,104,83,953,6,44,20,'2014-08-05 18:31:13',10),(709,79,104,96,1761,21,42,67,'2014-08-05 18:31:18',10),(710,31,105,27,3506,49,41,20,'2014-08-05 18:31:23',10),(711,12,106,19,2492,53,43,20,'2014-08-05 18:31:28',10),(712,14,105,19,2093,44,44,20,'2014-08-05 18:31:33',10),(713,18,104,30,1259,34,44,26,'2014-08-05 18:31:37',10),(714,45,104,68,1296,17,45,20,'2014-08-05 18:31:42',10),(715,20,104,27,1091,15,45,20,'2014-08-05 18:31:47',10),(716,88,104,72,1363,8,44,31,'2014-08-05 18:31:51',10),(717,100,104,49,1951,23,42,20,'2014-08-05 18:31:56',10),(718,14,105,21,2249,32,43,20,'2014-08-05 18:32:01',10),(719,100,105,98,1290,16,43,35,'2014-08-05 18:32:06',10),(720,14,106,21,2401,33,43,20,'2014-08-05 18:32:11',10),(721,26,106,26,1378,20,44,20,'2014-08-05 18:32:16',10),(722,48,106,64,1046,14,44,20,'2014-08-05 18:32:21',10),(723,19,106,26,1214,17,44,20,'2014-08-05 18:32:25',10),(724,56,106,63,971,12,45,20,'2014-08-05 18:32:30',10),(725,67,106,32,1087,15,44,24,'2014-08-05 18:32:35',10),(726,30,106,34,1277,16,45,20,'2014-08-05 18:32:40',10),(727,45,106,52,1174,16,46,20,'2014-08-05 18:32:45',10),(728,19,106,24,1297,17,46,20,'2014-08-05 18:32:49',10),(729,17,106,37,985,14,46,20,'2014-08-05 18:32:54',10),(730,30,105,26,627,2,47,20,'2014-08-05 18:32:59',10),(731,5,105,20,2503,0,47,20,'2014-08-05 18:33:04',10),(732,39,46,34,1508,0,23,20,'2014-08-07 10:35:56',10),(733,38,48,33,1489,0,23,20,'2014-08-07 10:36:01',10),(734,38,51,34,1502,0,23,20,'2014-08-07 10:36:07',10),(735,43,53,38,1499,0,23,20,'2014-08-07 10:36:12',10),(736,37,55,49,1691,4,23,22,'2014-08-07 10:36:18',10),(737,61,57,36,1516,4,23,20,'2014-08-07 10:36:24',10),(738,36,58,33,1638,8,23,20,'2014-08-07 10:36:29',10),(739,27,77,29,904,0,26,20,'2014-08-07 10:39:18',10),(740,40,78,28,583,1,26,30,'2014-08-07 10:39:24',10),(741,54,78,20,1274,5,26,34,'2014-08-07 10:39:29',10),(742,20,79,46,1695,21,26,20,'2014-08-07 10:39:35',10),(743,20,82,26,1607,24,26,20,'2014-08-07 10:39:40',10),(744,77,83,76,936,11,27,41,'2014-08-07 10:39:46',10),(745,15,84,18,2278,31,26,20,'2014-08-07 10:39:51',10),(746,88,85,78,1263,17,27,41,'2014-08-07 10:39:56',10),(747,17,86,22,1788,32,26,20,'2014-08-07 10:40:02',10),(748,20,87,21,887,29,27,27,'2014-08-07 10:40:07',10),(749,48,88,28,1572,20,27,20,'2014-08-07 10:40:11',10),(750,22,88,32,1058,20,27,20,'2014-08-07 10:40:16',10),(751,24,88,45,727,3,27,27,'2014-08-07 10:40:21',10),(752,76,89,71,967,3,27,38,'2014-08-07 10:40:26',10),(753,40,38,35,1468,0,23,20,'2014-08-07 15:22:38',10),(754,39,42,36,1478,0,23,20,'2014-08-07 15:22:44',10),(755,39,45,34,1519,0,23,20,'2014-08-07 15:22:49',10),(756,39,47,34,1478,2,23,20,'2014-08-07 15:22:55',10),(757,41,49,36,1455,3,23,20,'2014-08-07 15:23:01',10),(758,41,53,35,1453,4,23,20,'2014-08-07 15:23:06',10),(759,59,55,51,1511,0,23,27,'2014-08-07 15:23:12',10),(760,35,57,45,1835,15,23,23,'2014-08-07 15:23:17',10),(761,36,59,35,1604,21,23,20,'2014-08-07 15:23:22',10),(762,40,60,34,1071,16,23,20,'2014-08-07 15:23:29',10),(763,61,63,52,1157,4,23,36,'2014-08-07 15:23:34',10),(764,79,64,72,1875,20,23,43,'2014-08-07 15:23:38',10),(765,23,66,61,2700,36,23,42,'2014-08-07 15:23:44',10),(766,76,69,41,2071,41,23,20,'2014-08-07 15:23:49',10),(767,83,73,77,1637,45,23,33,'2014-08-07 15:23:54',10),(768,41,74,28,1798,50,23,20,'2014-08-07 15:24:00',10),(769,27,75,26,1604,45,23,20,'2014-08-07 15:24:05',10),(770,25,76,30,1363,39,23,20,'2014-08-07 15:24:10',10),(771,29,76,30,1119,18,23,20,'2014-08-07 15:24:17',10),(772,28,76,31,1002,0,23,20,'2014-08-07 15:24:22',10),(773,27,75,31,970,0,23,20,'2014-08-07 15:24:27',10),(774,27,75,46,961,0,24,20,'2014-08-07 15:24:33',10),(775,24,75,29,1301,11,24,20,'2014-08-07 15:24:38',10),(776,27,76,31,937,0,24,41,'2014-08-07 15:24:44',10),(777,17,76,25,1918,13,24,27,'2014-08-07 15:24:50',10),(778,65,76,33,1361,16,23,34,'2014-08-07 15:24:55',10),(779,51,78,56,1796,27,23,27,'2014-08-07 15:25:00',10),(780,68,79,49,1557,30,23,20,'2014-08-07 15:25:06',10),(781,23,80,78,1395,33,24,40,'2014-08-07 15:25:11',10),(782,83,82,87,2004,39,23,20,'2014-08-07 15:25:16',10),(783,16,85,21,1973,56,23,20,'2014-08-07 15:25:22',10),(784,16,86,28,1709,49,23,20,'2014-08-07 15:25:28',10),(785,22,86,31,1286,42,24,20,'2014-08-07 15:25:33',10),(786,25,86,35,911,11,24,20,'2014-08-07 15:25:39',10),(787,27,86,32,739,0,24,20,'2014-08-07 15:25:44',10),(788,24,86,31,796,0,24,20,'2014-08-07 15:25:49',10),(789,26,86,31,735,0,24,20,'2014-08-07 15:25:55',10),(790,25,86,32,754,0,24,20,'2014-08-07 15:26:00',10),(791,27,85,32,750,0,24,20,'2014-08-07 15:26:05',10),(792,26,85,31,752,0,24,20,'2014-08-07 15:26:11',10),(793,28,85,31,760,0,24,20,'2014-08-07 15:26:17',10),(794,27,85,33,744,0,24,20,'2014-08-07 15:26:21',10),(795,24,85,31,748,0,24,40,'2014-08-07 15:26:28',10),(796,100,85,61,796,2,24,52,'2014-08-07 15:26:33',10),(797,37,86,74,1804,26,24,64,'2014-08-07 15:26:38',10),(798,100,88,95,3228,38,23,80,'2014-08-07 15:26:44',10),(799,99,93,96,3496,69,23,92,'2014-08-07 15:26:49',10),(800,100,100,17,4539,99,22,20,'2014-08-07 15:26:54',10),(801,14,104,22,3156,92,23,28,'2014-08-07 15:27:00',10),(802,45,104,43,2344,83,23,20,'2014-08-07 15:27:05',10),(803,14,104,20,2225,79,24,20,'2014-08-07 15:27:10',10),(804,15,103,20,2033,73,24,20,'2014-08-07 15:27:17',10),(805,17,100,21,1731,65,24,20,'2014-08-07 15:27:22',10),(806,21,99,33,930,40,25,20,'2014-08-07 15:27:27',10),(807,27,99,32,735,14,25,20,'2014-08-07 15:27:34',10),(808,19,99,32,805,5,25,20,'2014-08-07 15:27:39',10),(809,44,99,44,1572,0,25,20,'2014-08-07 15:27:44',10),(810,14,99,35,1002,4,26,30,'2014-08-07 15:27:50',10),(811,37,99,25,1028,4,25,20,'2014-08-07 15:27:55',10),(812,67,100,54,713,1,25,20,'2014-08-07 15:28:00',10),(813,31,100,47,620,5,25,20,'2014-08-07 15:28:05',10),(814,23,100,35,938,8,25,20,'2014-08-07 15:28:11',10),(815,37,102,69,814,0,25,20,'2014-08-07 15:28:16',10),(816,17,102,25,1044,9,25,20,'2014-08-07 15:28:22',10),(817,25,102,30,772,0,26,20,'2014-08-07 15:28:27',10),(818,24,102,35,715,0,26,20,'2014-08-07 15:28:32',10),(819,38,100,38,757,0,26,20,'2014-08-07 15:28:38',10),(820,21,100,30,886,4,26,20,'2014-08-07 15:28:43',10),(821,24,100,29,723,0,26,27,'2014-08-07 15:28:49',10),(822,54,100,30,1519,0,26,20,'2014-08-07 15:28:55',10),(823,21,100,33,1010,9,26,20,'2014-08-07 15:29:00',10),(824,42,102,24,1055,8,26,20,'2014-08-07 15:29:05',10),(825,18,102,26,955,8,26,21,'2014-08-07 15:29:12',10),(826,32,102,24,931,7,26,20,'2014-08-07 15:29:17',10),(827,40,102,23,1170,8,27,28,'2014-08-07 15:29:23',10),(828,36,102,22,1624,12,26,20,'2014-08-07 15:29:29',10),(829,37,102,22,1461,12,27,20,'2014-08-07 15:29:34',10),(830,29,102,27,1489,11,27,20,'2014-08-07 15:29:39',10),(831,38,102,24,1682,12,27,21,'2014-08-07 15:29:45',10),(832,21,102,33,1223,16,27,20,'2014-08-07 15:29:50',10),(833,30,102,41,1511,19,27,20,'2014-08-07 15:29:55',10),(834,15,102,22,1559,21,27,20,'2014-08-07 15:30:02',10),(835,49,102,45,905,11,27,20,'2014-08-07 15:30:07',10),(836,17,102,39,1055,15,28,20,'2014-08-07 15:30:12',10),(837,39,102,27,939,12,28,20,'2014-08-07 15:30:18',10),(838,24,102,49,777,8,28,28,'2014-08-07 15:30:23',10),(839,25,103,25,1743,13,28,20,'2014-08-07 15:30:29',10),(840,19,103,77,1101,10,28,20,'2014-08-07 15:30:35',10),(841,38,103,33,1585,12,28,22,'2014-08-07 15:30:40',10),(842,17,103,42,1683,14,28,35,'2014-08-07 15:30:45',10),(843,38,103,67,2437,20,27,20,'2014-08-07 15:30:51',10),(844,16,104,22,1902,27,27,21,'2014-08-07 15:30:56',10),(845,22,104,49,1322,17,28,20,'2014-08-07 15:31:01',10),(846,21,104,27,1131,17,28,20,'2014-08-07 15:31:08',10),(847,24,104,31,751,0,29,20,'2014-08-07 15:31:13',10),(848,25,104,31,752,0,29,20,'2014-08-07 15:31:18',10),(849,25,103,30,754,0,29,20,'2014-08-07 15:31:24',10),(850,25,103,30,754,0,30,20,'2014-08-07 15:31:29',10),(851,25,103,30,755,0,30,20,'2014-08-07 15:31:34',10),(852,52,103,79,872,0,29,46,'2014-08-07 15:31:40',10),(853,96,103,95,1946,25,28,55,'2014-08-07 15:31:45',10),(854,93,105,94,2583,51,27,20,'2014-08-07 15:31:50',10),(855,95,106,93,2277,64,26,50,'2014-08-07 15:31:57',10),(856,87,108,91,2280,72,26,56,'2014-08-07 15:32:02',10),(857,100,110,98,2161,75,26,71,'2014-08-07 15:32:07',10),(858,96,113,21,2351,82,26,27,'2014-08-07 15:32:13',10),(859,78,113,71,2226,78,26,42,'2014-08-07 15:32:18',10),(860,64,114,22,2285,81,26,20,'2014-08-07 15:32:24',10),(861,14,114,21,2025,74,27,20,'2014-08-07 15:32:29',10),(862,16,110,21,1720,62,28,20,'2014-08-07 15:32:34',10),(863,51,107,40,1319,20,28,28,'2014-08-07 15:32:39',10),(864,79,106,20,1785,21,28,58,'2014-08-07 15:32:45',10),(865,96,106,31,2220,41,27,20,'2014-08-07 15:32:51',10),(866,12,108,19,2471,53,28,20,'2014-08-07 15:32:56',10),(867,14,106,21,2159,45,28,20,'2014-08-07 15:33:02',10),(868,39,104,48,1522,24,29,36,'2014-08-07 15:33:07',10),(869,18,103,27,1690,24,29,44,'2014-08-07 15:33:12',10),(870,100,103,94,1342,14,28,20,'2014-08-07 15:33:18',10),(871,13,105,19,2387,34,28,20,'2014-08-07 15:33:23',10),(872,89,105,93,1241,17,28,44,'2014-08-07 15:33:28',10),(873,18,105,20,2399,34,28,20,'2014-08-07 15:33:34',10),(874,51,106,65,1253,20,29,38,'2014-08-07 15:33:39',10),(875,47,106,32,1620,21,29,20,'2014-08-07 15:33:44',10),(876,35,106,47,1477,20,29,45,'2014-08-07 15:33:50',10),(877,15,106,19,2377,27,29,20,'2014-08-07 15:33:55',10),(878,15,106,23,1869,27,30,35,'2014-08-07 15:34:01',10),(879,50,105,35,1931,24,29,20,'2014-08-07 15:34:07',10),(880,19,105,29,1718,28,30,20,'2014-08-07 15:34:12',10),(881,82,105,48,1305,16,29,20,'2014-08-07 15:34:17',10),(882,15,105,21,1815,26,30,20,'2014-08-07 15:34:23',10),(883,19,105,25,859,12,31,27,'2014-08-07 15:34:28',10),(884,29,62,28,1310,0,38,20,'2014-08-07 16:45:38',10),(885,33,63,35,1326,1,38,20,'2014-08-07 16:45:43',10),(886,60,65,28,1635,3,37,20,'2014-08-07 16:45:49',10),(887,71,67,74,1107,16,37,33,'2014-08-07 16:45:55',10),(888,28,70,27,1882,32,37,20,'2014-08-07 16:46:00',10),(889,26,72,27,1513,31,37,20,'2014-08-07 16:46:07',10),(890,28,73,27,1543,24,37,20,'2014-08-07 16:46:11',10),(891,74,74,82,889,9,37,42,'2014-08-07 16:46:16',10),(892,20,75,21,2312,31,36,20,'2014-08-07 16:46:21',10),(893,25,76,73,1361,20,37,41,'2014-08-07 16:46:26',10),(894,18,77,22,2466,29,35,20,'2014-08-07 16:46:31',10),(895,19,79,24,2165,31,36,20,'2014-08-07 16:46:36',10),(896,50,79,25,1310,18,36,20,'2014-08-07 16:46:40',10),(897,23,80,27,1372,18,36,20,'2014-08-07 16:46:45',10),(898,23,82,31,1016,7,37,20,'2014-08-07 16:46:49',10),(899,27,82,30,890,0,37,25,'2014-08-07 16:46:54',10),(900,46,82,23,1351,7,36,20,'2014-08-07 16:46:59',10),(901,23,83,28,1103,8,37,20,'2014-08-07 16:47:04',10),(902,22,83,29,870,0,37,20,'2014-08-07 16:47:09',10),(903,21,83,28,821,0,37,33,'2014-08-07 16:47:13',10),(904,77,84,19,1321,6,36,38,'2014-08-07 16:47:18',10),(905,18,85,23,1974,26,36,36,'2014-08-07 16:47:23',10),(906,16,85,61,2343,30,36,32,'2014-08-07 16:47:28',10),(907,77,87,81,1924,39,34,53,'2014-08-07 16:47:32',10),(908,14,89,20,2651,56,34,20,'2014-08-07 16:47:38',10),(909,15,90,21,2131,46,34,20,'2014-08-07 16:47:43',10),(910,18,89,25,1678,37,35,20,'2014-08-07 16:47:48',10),(911,21,89,28,725,15,36,24,'2014-08-07 16:47:53',10),(912,48,89,43,1213,16,36,29,'2014-08-07 16:47:57',10),(913,33,89,33,1929,24,35,20,'2014-08-07 16:48:02',10),(914,35,102,50,1557,20,37,44,'2014-08-07 16:54:08',10),(915,16,103,20,2832,34,36,20,'2014-08-07 16:54:13',10),(916,20,104,28,2034,31,36,26,'2014-08-07 16:54:18',10),(917,80,104,40,1560,18,35,37,'2014-08-07 16:54:24',10),(918,61,105,24,1909,37,34,20,'2014-08-07 16:54:29',10),(919,16,106,21,2104,44,36,20,'2014-08-07 16:54:34',10),(920,21,106,27,1567,36,36,20,'2014-08-07 16:54:39',10),(921,24,105,25,1149,20,37,20,'2014-08-07 16:54:43',10),(922,22,105,28,935,5,37,20,'2014-08-07 16:54:48',10),(923,25,105,32,722,0,38,20,'2014-08-07 16:54:53',10),(924,24,105,30,744,0,38,20,'2014-08-07 16:54:57',10),(925,24,105,31,755,0,38,20,'2014-08-07 16:55:02',10),(926,22,105,30,747,0,38,20,'2014-08-07 16:55:07',10),(927,14,105,62,822,0,38,20,'2014-08-07 16:55:11',10),(928,47,104,25,1464,12,38,20,'2014-08-07 16:55:16',10),(929,42,104,22,1465,17,38,20,'2014-08-07 16:55:21',10),(930,18,104,46,1204,16,38,20,'2014-08-07 16:55:25',10),(931,53,104,93,1081,15,37,38,'2014-08-07 16:55:30',10),(932,15,105,23,2065,31,37,25,'2014-08-07 16:55:34',10),(933,18,105,20,1447,30,37,20,'2014-08-07 16:55:39',10),(934,20,105,44,1086,24,37,32,'2014-08-07 16:55:44',10),(935,41,105,51,1824,24,37,36,'2014-08-07 16:55:49',10),(936,16,105,24,1946,32,37,29,'2014-08-07 16:55:53',10),(937,52,105,25,1545,30,37,20,'2014-08-07 16:55:58',10),(938,46,105,26,1462,31,37,25,'2014-08-07 16:56:03',10),(939,32,105,34,1487,30,37,34,'2014-08-07 16:56:08',10),(940,39,105,53,1647,32,37,44,'2014-08-07 16:56:12',10),(941,20,105,22,2062,41,36,43,'2014-08-07 16:56:17',10),(942,43,106,46,1635,45,36,45,'2014-08-07 16:56:22',10),(943,27,107,22,1851,49,34,20,'2014-08-07 16:56:26',10),(944,16,108,22,1677,48,36,20,'2014-08-07 16:56:31',10),(945,18,107,23,1027,39,37,26,'2014-08-07 16:56:36',10),(946,85,107,78,1365,26,36,20,'2014-08-07 16:56:41',10),(947,15,107,20,1759,37,36,20,'2014-08-07 16:56:45',10),(948,16,107,24,1510,32,37,20,'2014-08-07 16:56:50',10),(949,30,106,28,745,19,37,20,'2014-08-07 16:56:54',10),(950,23,106,31,666,0,38,20,'2014-08-07 16:56:59',10),(951,25,105,31,748,0,38,20,'2014-08-07 16:57:04',10),(952,24,105,29,726,0,39,20,'2014-08-07 16:57:09',10),(953,21,105,30,766,0,39,20,'2014-08-07 16:57:14',10),(954,24,104,31,763,0,39,20,'2014-08-07 16:57:18',10),(955,24,104,30,748,0,39,20,'2014-08-07 16:57:23',10),(956,22,104,34,789,0,40,20,'2014-08-07 16:57:28',10),(957,28,103,29,715,0,40,20,'2014-08-07 16:57:32',10),(958,24,103,30,758,0,40,20,'2014-08-07 16:57:37',10),(959,25,103,30,737,0,40,20,'2014-08-07 16:57:42',10),(960,25,103,30,756,0,40,20,'2014-08-07 16:57:46',10),(961,40,103,68,1163,0,39,41,'2014-08-07 16:57:51',10),(962,81,103,49,1894,19,38,30,'2014-08-07 16:57:55',10),(963,73,103,55,1567,28,38,30,'2014-08-07 16:58:00',10),(964,15,104,20,1690,34,38,20,'2014-08-07 16:58:04',10),(965,16,104,37,963,29,38,41,'2014-08-07 16:58:09',10),(966,100,103,87,2446,28,36,20,'2014-08-07 16:58:14',10),(967,96,104,31,2272,45,34,20,'2014-08-07 16:58:19',10),(968,36,105,47,1768,49,36,44,'2014-08-07 16:58:24',10),(969,51,105,57,1700,48,35,43,'2014-08-07 16:58:29',10),(970,16,106,21,1670,47,36,20,'2014-08-07 16:58:34',10),(971,18,106,27,1252,37,37,20,'2014-08-07 16:58:38',10),(972,78,105,84,903,13,37,50,'2014-08-07 16:58:43',10),(973,12,104,77,2478,29,36,53,'2014-08-07 16:58:48',10),(974,13,105,18,2222,45,36,20,'2014-08-07 16:58:52',10),(975,16,104,23,1661,38,37,20,'2014-08-07 16:58:57',10),(976,26,104,28,622,23,38,20,'2014-08-07 16:59:02',10),(977,21,103,61,760,0,38,23,'2014-08-07 16:59:06',10),(978,20,103,27,843,6,38,20,'2014-08-07 16:59:11',10),(979,29,103,52,737,7,39,26,'2014-08-07 16:59:16',10),(980,51,102,39,1261,9,39,20,'2014-08-07 16:59:20',10),(981,16,102,37,934,8,39,20,'2014-08-07 16:59:25',10),(982,21,102,39,1142,2,39,20,'2014-08-07 16:59:29',10),(983,30,102,29,691,4,40,20,'2014-08-07 16:59:34',10),(984,46,102,22,619,0,40,20,'2014-08-07 16:59:39',10),(985,21,93,28,824,0,48,20,'2014-08-07 17:06:47',10),(986,21,94,24,770,3,48,20,'2014-08-07 17:06:51',10),(987,59,94,53,888,4,47,36,'2014-08-07 17:06:57',10),(988,12,95,79,2335,17,45,20,'2014-08-07 17:07:03',10),(989,49,97,89,1406,20,44,45,'2014-08-07 17:07:08',10),(990,16,98,22,2618,32,43,42,'2014-08-07 17:07:13',10),(991,18,100,24,1920,38,42,20,'2014-08-07 17:07:18',10),(992,17,103,26,1111,25,44,20,'2014-08-07 17:07:23',10),(993,80,103,52,1045,2,44,30,'2014-08-07 17:07:29',10),(994,13,103,51,2185,15,43,45,'2014-08-07 17:07:34',10),(995,13,104,68,2585,33,42,22,'2014-08-07 17:07:39',10),(996,14,104,18,2088,43,42,20,'2014-08-07 17:07:44',10),(997,14,104,19,2066,43,43,20,'2014-08-07 17:07:48',10),(998,14,104,19,2045,42,44,20,'2014-08-07 17:07:53',10),(999,14,103,19,2025,41,44,20,'2014-08-07 17:07:58',10),(1000,16,102,23,1835,41,44,20,'2014-08-07 17:08:03',10),(1001,80,102,86,1624,19,43,47,'2014-08-07 17:08:08',10),(1002,36,103,56,2459,34,42,32,'2014-08-07 17:08:13',10),(1003,41,103,75,1596,33,42,44,'2014-08-07 17:08:18',10),(1004,16,104,19,2087,41,41,20,'2014-08-07 17:08:23',10),(1005,14,105,22,1872,40,42,20,'2014-08-07 17:08:28',10),(1006,18,105,37,992,23,43,20,'2014-08-07 17:08:32',10),(1007,23,104,31,742,3,44,20,'2014-08-07 17:08:37',10),(1008,22,104,30,725,0,44,20,'2014-08-07 17:08:42',10),(1009,23,104,29,753,0,44,45,'2014-08-07 17:08:48',10),(1010,84,104,51,1393,0,43,20,'2014-08-07 17:08:53',10),(1011,47,104,50,1582,20,42,20,'2014-08-07 17:08:58',10),(1012,16,104,21,1847,26,42,25,'2014-08-07 17:09:02',10),(1013,50,104,23,1365,17,43,20,'2014-08-07 17:09:07',10),(1014,29,104,27,673,9,44,20,'2014-08-07 17:09:12',10),(1015,22,104,33,770,0,44,20,'2014-08-07 17:09:17',10),(1016,23,104,29,736,0,44,20,'2014-08-07 17:09:22',10),(1017,21,103,31,756,0,45,27,'2014-08-07 17:09:27',10),(1018,99,103,27,2086,2,42,49,'2014-08-07 17:09:32',10),(1019,14,103,92,2905,36,40,20,'2014-08-07 17:09:37',10),(1020,15,105,20,1623,46,41,20,'2014-08-07 17:09:42',10),(1021,63,104,88,1319,37,42,60,'2014-08-07 17:09:49',10),(1022,14,104,42,2291,45,41,30,'2014-08-07 17:09:54',10),(1023,43,104,36,1765,49,41,25,'2014-08-07 17:09:58',10),(1024,18,104,23,1796,50,41,20,'2014-08-07 17:10:03',10),(1025,18,104,21,1620,46,42,20,'2014-08-07 17:10:08',10),(1026,18,103,30,1016,37,43,20,'2014-08-07 17:10:13',10),(1027,30,102,29,691,28,43,29,'2014-08-07 17:10:18',10),(1028,38,102,30,1452,20,43,40,'2014-08-07 17:10:22',10),(1029,64,102,99,1949,24,41,63,'2014-08-07 17:10:27',10),(1030,12,102,92,3844,48,38,57,'2014-08-07 17:10:32',10),(1031,89,104,38,3196,64,36,52,'2014-08-07 17:10:37',10),(1032,76,105,87,2607,72,36,20,'2014-08-07 17:10:41',10),(1033,57,106,47,2118,75,37,35,'2014-08-07 17:10:46',10),(1034,74,107,86,2025,73,37,51,'2014-08-07 17:10:51',10),(1035,41,107,21,2107,74,37,20,'2014-08-07 17:10:56',10),(1036,18,107,30,1010,47,38,20,'2014-08-07 17:11:01',10),(1037,19,106,33,1039,7,39,20,'2014-08-07 17:11:05',10),(1038,19,105,38,782,0,41,20,'2014-08-07 17:11:10',10),(1039,25,104,30,698,0,41,20,'2014-08-07 17:11:14',10),(1040,25,104,30,748,0,42,20,'2014-08-07 17:11:19',10),(1041,23,103,31,764,0,42,20,'2014-08-07 17:11:24',10),(1042,24,103,30,740,0,42,20,'2014-08-07 17:11:29',10),(1043,23,102,31,766,0,43,20,'2014-08-07 17:11:34',10),(1044,81,102,25,1415,2,41,39,'2014-08-07 17:11:39',10),(1045,88,102,98,1856,22,39,60,'2014-08-07 17:11:44',10),(1046,93,103,97,2795,46,37,63,'2014-08-07 17:11:49',10),(1047,96,105,85,2891,57,37,58,'2014-08-07 17:11:54',10),(1048,89,106,23,2385,65,36,20,'2014-08-07 17:11:59',10),(1049,14,107,19,2254,65,37,20,'2014-08-07 17:12:04',10),(1050,17,106,26,1701,53,39,20,'2014-08-07 17:12:09',10),(1051,27,105,30,825,17,40,29,'2014-08-07 17:12:14',10),(1052,91,104,84,1106,12,39,20,'2014-08-07 17:12:19',10),(1053,94,104,93,1550,30,38,52,'2014-08-07 17:12:24',10),(1054,13,105,19,2316,48,38,20,'2014-08-07 17:12:29',10),(1055,14,105,19,2142,45,39,20,'2014-08-07 17:12:34',10),(1056,15,104,22,1966,41,40,20,'2014-08-07 17:12:39',10),(1057,21,103,45,803,24,41,30,'2014-08-07 17:12:44',10),(1058,71,103,24,1279,16,40,20,'2014-08-07 17:12:49',10),(1059,100,103,95,884,13,41,47,'2014-08-07 17:12:54',10),(1060,77,103,48,1674,18,38,27,'2014-08-07 17:12:59',10),(1061,17,104,22,2070,28,39,20,'2014-08-07 17:13:04',10),(1062,18,104,55,1284,20,41,58,'2014-08-07 17:13:08',10),(1063,72,104,47,1861,21,38,20,'2014-08-07 17:13:13',10),(1064,14,105,21,2015,29,39,20,'2014-08-07 17:13:18',10),(1065,74,104,70,1184,16,40,36,'2014-08-07 17:13:23',10),(1066,17,105,22,1821,24,40,30,'2014-08-07 17:13:28',10),(1067,22,105,60,1355,20,41,28,'2014-08-07 17:13:32',10),(1068,45,105,25,1392,16,40,28,'2014-08-07 17:13:37',10),(1069,40,105,23,1828,24,40,20,'2014-08-07 17:13:42',10),(1070,31,105,42,1649,24,41,25,'2014-08-07 17:13:46',10),(1071,77,104,80,1811,23,39,20,'2014-08-07 17:13:51',10),(1072,17,105,24,2029,32,40,25,'2014-08-07 17:13:56',10),(1073,20,105,50,966,12,41,35,'2014-08-07 17:14:01',10),(1074,47,105,22,1605,20,40,20,'2014-08-07 17:14:05',10),(1075,19,105,25,1445,21,41,20,'2014-08-07 17:14:10',10),(1076,17,105,36,714,0,42,20,'2014-08-07 17:14:14',10),(1077,18,104,31,946,0,42,20,'2014-08-07 17:14:19',10);
/*!40000 ALTER TABLE `obd2odczyt` ENABLE KEYS */;
UNLOCK TABLES;

--
-- Table structure for table `pozycja`
--

DROP TABLE IF EXISTS `pozycja`;
/*!40101 SET @saved_cs_client     = @@character_set_client */;
/*!40101 SET character_set_client = utf8 */;
CREATE TABLE `pozycja` (
  `idpozycja` int(11) NOT NULL AUTO_INCREMENT,
  `lat` double NOT NULL,
  `lng` double NOT NULL,
  `wysokosc` double NOT NULL,
  `nsind` char(1) NOT NULL,
  `ewind` char(1) NOT NULL,
  `data` datetime NOT NULL,
  `car_id` int(11) DEFAULT NULL,
  PRIMARY KEY (`idpozycja`),
  KEY `VIN_FK_idx` (`car_id`),
  CONSTRAINT `VIN_FK` FOREIGN KEY (`car_id`) REFERENCES `car` (`id`) ON DELETE SET NULL ON UPDATE SET NULL
) ENGINE=InnoDB AUTO_INCREMENT=1077 DEFAULT CHARSET=latin1;
/*!40101 SET character_set_client = @saved_cs_client */;

--
-- Dumping data for table `pozycja`
--

LOCK TABLES `pozycja` WRITE;
/*!40000 ALTER TABLE `pozycja` DISABLE KEYS */;
INSERT INTO `pozycja` VALUES (1,0,0,0,'','','2014-07-24 10:58:59',NULL),(2,50.883162,20.650768,323,'N','E','2014-07-24 10:59:09',NULL),(3,50.883195,20.650768,323.4,'N','E','2014-07-24 10:59:18',NULL),(4,50.883445,20.650797,320.2,'N','E','2014-07-24 10:59:27',NULL),(5,50.883445,20.650797,320.2,'N','E','2014-07-24 10:59:34',NULL),(6,50.883503,20.650803,323,'N','E','2014-07-24 10:59:44',NULL),(7,50.883503,20.650803,323,'N','E','2014-07-24 10:59:52',NULL),(8,50.883592,20.650813,316.7,'N','E','2014-07-24 11:00:01',NULL),(9,50.88366,20.650823,310.2,'N','E','2014-07-24 11:00:09',NULL),(10,50.88366,20.650823,310.2,'N','E','2014-07-24 11:00:17',10),(11,50.88366,20.650823,310.2,'N','E','2014-07-24 11:00:25',10),(12,50.883742,20.650852,300.2,'N','E','2014-07-24 11:00:34',10),(13,50.883733,20.650852,300.5,'N','E','2014-07-24 11:00:42',10),(14,50.883733,20.650852,300.5,'N','E','2014-07-24 11:00:50',10),(15,50.883733,20.650852,300.5,'N','E','2014-07-24 11:00:58',10),(16,50.883758,20.650542,307.1,'N','E','2014-07-24 11:01:07',10),(17,50.883758,20.650542,307.1,'N','E','2014-07-24 11:01:15',10),(18,50.883758,20.650542,307.1,'N','E','2014-07-24 11:01:23',10),(19,50.88356,20.650657,305.7,'N','E','2014-07-24 11:01:32',10),(20,50.88356,20.650657,305.7,'N','E','2014-07-24 11:01:39',10),(21,50.88356,20.650657,305.7,'N','E','2014-07-24 11:01:48',NULL),(22,50.88356,20.650657,305.7,'N','E','2014-07-24 11:01:56',NULL),(23,50.88356,20.650657,305.7,'N','E','2014-07-24 11:02:04',NULL),(24,50.883638,20.6537,303.2,'N','E','2014-07-24 11:02:13',NULL),(25,50.883638,20.6537,303.2,'N','E','2014-07-24 11:02:21',NULL),(26,50.883638,20.6537,303.2,'N','E','2014-07-24 11:02:29',NULL),(27,50.884265,20.65195,300.7,'N','E','2014-07-24 11:02:38',NULL),(28,50.884103,20.652327,301.7,'N','E','2014-07-24 11:02:46',NULL),(29,50.884103,20.652327,301.7,'N','E','2014-07-24 11:02:54',NULL),(30,50.883543,20.653587,298.4,'N','E','2014-07-24 11:03:03',NULL),(31,50.88303,20.652777,296.2,'N','E','2014-07-24 11:03:11',NULL),(32,50.88303,20.652777,296.2,'N','E','2014-07-24 11:03:19',NULL),(33,50.88207,20.651258,293.1,'N','E','2014-07-24 11:03:28',NULL),(34,50.88182,20.650302,291.2,'N','E','2014-07-24 11:03:36',NULL),(35,50.88182,20.650302,291.2,'N','E','2014-07-24 11:03:44',NULL),(36,50.88182,20.650302,291.2,'N','E','2014-07-24 11:03:53',NULL),(37,50.882218,20.647635,287.1,'N','E','2014-07-24 11:04:02',NULL),(38,50.882218,20.647635,287.1,'N','E','2014-07-24 11:04:10',NULL),(39,50.882742,20.646073,285.8,'N','E','2014-07-24 11:04:19',NULL),(40,50.882548,20.64624,284.6,'N','E','2014-07-24 11:04:27',NULL),(41,50.882548,20.64624,284.6,'N','E','2014-07-24 11:04:35',NULL),(42,50.881957,20.647817,285.8,'N','E','2014-07-24 11:04:44',NULL),(43,50.881688,20.648557,286.6,'N','E','2014-07-24 11:04:52',NULL),(44,50.881688,20.648557,286.6,'N','E','2014-07-24 11:05:00',NULL),(45,50.881688,20.648557,286.6,'N','E','2014-07-24 11:05:08',NULL),(46,50.88181,20.65028,284.5,'N','E','2014-07-24 11:05:17',NULL),(47,50.88181,20.65028,284.5,'N','E','2014-07-24 11:05:25',NULL),(48,50.88181,20.65028,284.5,'N','E','2014-07-24 11:05:33',NULL),(49,50.882808,20.652413,288.7,'N','E','2014-07-24 11:05:42',NULL),(50,50.883095,20.652143,290.7,'N','E','2014-07-24 11:05:50',NULL),(51,50.883095,20.652143,290.7,'N','E','2014-07-24 11:05:58',NULL),(52,50.883488,20.650747,305.8,'N','E','2014-07-24 12:04:48',NULL),(53,0,0,0,'','','2014-07-24 12:05:01',NULL),(54,0,0,0,'','','2014-07-24 12:05:35',NULL),(55,50.88339,20.650663,311.2,'N','E','2014-07-24 12:05:45',NULL),(56,0,0,0,'','','2014-07-24 12:06:06',NULL),(57,50.883343,20.650668,306.9,'N','E','2014-07-24 12:06:12',NULL),(58,50.883343,20.650668,306.9,'N','E','2014-07-24 12:06:17',NULL),(59,50.883302,20.650677,291.9,'N','E','2014-07-24 12:07:01',NULL),(60,50.883302,20.650677,291.9,'N','E','2014-07-24 12:07:04',NULL),(61,50.883282,20.650662,290.6,'N','E','2014-07-24 12:07:08',NULL),(62,50.883282,20.650662,290.6,'N','E','2014-07-24 12:07:11',NULL),(63,50.883282,20.650662,290.6,'N','E','2014-07-24 12:07:15',NULL),(64,0,0,0,'','','2014-07-24 12:07:55',NULL),(65,0,0,0,'','','2014-07-24 12:07:58',NULL),(66,50.883265,20.650622,296.8,'N','E','2014-07-24 12:08:02',NULL),(67,50.883265,20.650622,296.8,'N','E','2014-07-24 12:08:05',NULL),(68,50.883265,20.650622,296.8,'N','E','2014-07-24 12:08:09',NULL),(69,0,0,0,'','','2014-07-24 12:08:44',NULL),(70,0,0,0,'','','2014-07-24 12:08:47',NULL),(71,0,0,0,'','','2014-07-24 12:08:50',NULL),(72,50.883622,20.650853,332.3,'N','E','2014-07-24 12:08:54',NULL),(73,0,0,0,'','','2014-07-24 12:15:02',NULL),(74,0,0,0,'','','2014-07-24 12:15:05',NULL),(75,50.883463,20.650723,326.2,'N','E','2014-07-24 12:15:09',NULL),(76,50.883472,20.65073,327.7,'N','E','2014-07-24 12:15:13',NULL),(77,50.883472,20.65073,327.7,'N','E','2014-07-24 12:15:16',NULL),(78,50.883483,20.65074,330.3,'N','E','2014-07-24 12:15:20',NULL),(79,50.883488,20.650743,331.8,'N','E','2014-07-24 12:15:23',NULL),(80,50.883488,20.650743,331.8,'N','E','2014-07-24 12:15:25',NULL),(81,50.883488,20.650743,331.8,'N','E','2014-07-24 12:15:28',NULL),(82,50.883488,20.650743,331.8,'N','E','2014-07-24 12:15:31',NULL),(83,50.883508,20.650762,338.9,'N','E','2014-07-24 12:15:34',NULL),(84,50.883512,20.650767,340.7,'N','E','2014-07-24 12:15:37',NULL),(85,50.883518,20.650772,342.1,'N','E','2014-07-24 12:15:40',NULL),(86,50.883525,20.650775,343.4,'N','E','2014-07-24 12:15:43',NULL),(87,50.883525,20.650775,343.4,'N','E','2014-07-24 12:15:45',NULL),(88,50.883525,20.650775,343.4,'N','E','2014-07-24 12:15:48',NULL),(89,50.883525,20.650775,343.4,'N','E','2014-07-24 12:15:51',NULL),(90,50.88356,20.650802,346.7,'N','E','2014-07-24 12:15:54',NULL),(91,50.883588,20.650823,347,'N','E','2014-07-24 12:15:57',NULL),(92,50.883612,20.650842,347.2,'N','E','2014-07-24 12:16:00',NULL),(93,50.883627,20.650853,347,'N','E','2014-07-24 12:16:03',NULL),(94,50.883627,20.650853,347,'N','E','2014-07-24 12:16:05',NULL),(95,50.883627,20.650853,347,'N','E','2014-07-24 12:16:08',NULL),(96,50.883627,20.650853,347,'N','E','2014-07-24 12:16:11',NULL),(97,50.883582,20.650832,344.7,'N','E','2014-07-24 12:16:14',NULL),(98,50.883552,20.650812,342.5,'N','E','2014-07-24 12:16:17',NULL),(99,50.883552,20.650812,342.5,'N','E','2014-07-24 12:16:20',NULL),(100,50.883552,20.650812,342.5,'N','E','2014-07-24 12:16:23',10),(283,50.883435,20.650735,333.8,'N','E','2014-07-24 12:16:26',10),(284,50.883428,20.650728,333.6,'N','E','2014-07-24 12:16:29',10),(285,50.883428,20.650725,332.7,'N','E','2014-07-24 12:16:32',10),(286,50.883423,20.65072,332.4,'N','E','2014-07-24 12:16:35',10),(287,50.88343,20.650722,332.9,'N','E','2014-07-24 12:16:38',10),(288,50.88343,20.650722,332.9,'N','E','2014-07-24 12:16:40',10),(289,50.88343,20.650722,332.9,'N','E','2014-07-24 12:16:43',10),(290,50.883453,20.650735,331.7,'N','E','2014-07-24 12:16:46',10),(291,50.883455,20.650735,330.5,'N','E','2014-07-24 12:16:49',10),(292,50.883453,20.650735,328.3,'N','E','2014-07-24 12:16:52',10),(293,50.883453,20.650735,328.3,'N','E','2014-07-24 12:16:55',10),(294,50.883453,20.650735,328.3,'N','E','2014-07-24 12:16:58',10),(295,50.883402,20.65073,325.7,'N','E','2014-07-24 12:17:01',10),(296,50.883385,20.650727,325.4,'N','E','2014-07-24 12:17:04',10),(297,50.883383,20.650738,326.3,'N','E','2014-07-24 12:17:07',10),(298,50.8834,20.650705,325.8,'N','E','2014-07-24 12:17:10',10),(299,50.8834,20.650705,325.8,'N','E','2014-07-24 12:17:12',10),(300,50.8834,20.650705,325.8,'N','E','2014-07-24 12:17:15',10),(301,50.8834,20.650705,325.8,'N','E','2014-07-24 12:17:18',10),(302,50.883645,20.650193,323.5,'N','E','2014-07-24 12:17:21',10),(303,50.883722,20.649995,323.9,'N','E','2014-07-24 12:17:24',10),(304,50.883788,20.649867,324.7,'N','E','2014-07-24 12:17:27',10),(305,50.883803,20.649833,324.8,'N','E','2014-07-24 12:17:30',10),(306,50.883778,20.649933,328.7,'N','E','2014-07-24 12:17:33',10),(307,50.883778,20.649933,328.7,'N','E','2014-07-24 12:17:35',10),(308,50.883657,20.650358,329.6,'N','E','2014-07-24 12:17:39',10),(309,50.883602,20.650572,331.2,'N','E','2014-07-24 12:17:42',10),(310,50.883602,20.650572,331.2,'N','E','2014-07-24 12:17:44',10),(311,50.883602,20.650572,331.2,'N','E','2014-07-24 12:17:47',10),(312,50.883578,20.650737,333.9,'N','E','2014-07-24 12:17:50',10),(313,50.883837,20.650682,372,'N','E','2014-08-04 13:38:18',10),(314,50.883835,20.650682,372.1,'N','E','2014-08-04 13:38:22',10),(315,50.883835,20.650685,372.4,'N','E','2014-08-04 13:38:26',10),(316,50.883835,20.650685,372.4,'N','E','2014-08-04 13:38:29',10),(317,50.883845,20.650693,373.2,'N','E','2014-08-04 13:38:33',10),(318,50.883845,20.650673,372.6,'N','E','2014-08-04 13:38:36',10),(319,50.883897,20.650502,371.6,'N','E','2014-08-04 13:38:40',10),(320,50.88396,20.650283,371,'N','E','2014-08-04 13:38:43',10),(321,50.88407,20.649987,370.4,'N','E','2014-08-04 13:38:47',10),(322,50.884117,20.649772,369.7,'N','E','2014-08-04 13:38:50',10),(323,50.8841,20.649648,370.2,'N','E','2014-08-04 13:38:54',10),(324,50.8841,20.649648,370.2,'N','E','2014-08-04 13:38:57',10),(325,50.883918,20.650055,363.3,'N','E','2014-08-04 13:39:01',10),(326,50.883852,20.650267,362.3,'N','E','2014-08-04 13:39:04',10),(327,50.882185,20.651668,296.3,'N','E','2014-08-04 13:44:35',10),(328,50.882195,20.651687,298.3,'N','E','2014-08-04 13:44:42',10),(329,50.882195,20.651687,298.3,'N','E','2014-08-04 13:44:48',10),(330,50.882228,20.651587,294.4,'N','E','2014-08-04 13:44:55',10),(331,50.882027,20.651215,290.8,'N','E','2014-08-04 13:45:01',10),(332,50.881868,20.650532,289.8,'N','E','2014-08-04 13:45:07',10),(333,50.88188,20.649993,297.6,'N','E','2014-08-04 13:45:13',10),(334,50.881838,20.649117,296,'N','E','2014-08-04 13:45:19',10),(335,50.882047,20.64827,290.6,'N','E','2014-08-04 13:45:25',10),(336,50.882047,20.64827,290.6,'N','E','2014-08-04 13:45:30',10),(337,50.882047,20.64827,290.6,'N','E','2014-08-04 13:45:36',10),(338,50.882047,20.64827,290.6,'N','E','2014-08-04 13:45:42',10),(339,50.88299,20.645608,282.7,'N','E','2014-08-04 13:45:48',10),(340,50.883188,20.645027,281.6,'N','E','2014-08-04 13:45:54',10),(341,50.883452,20.644312,281,'N','E','2014-08-04 13:46:00',10),(342,50.88368,20.644302,279.4,'N','E','2014-08-04 13:46:06',10),(343,50.88368,20.644302,279.4,'N','E','2014-08-04 13:46:11',10),(344,50.88368,20.644302,279.4,'N','E','2014-08-04 13:46:17',10),(345,50.884087,20.645483,282.9,'N','E','2014-08-04 13:46:23',10),(346,50.883957,20.645937,289.3,'N','E','2014-08-04 13:46:29',10),(347,50.883815,20.646073,287.9,'N','E','2014-08-04 13:46:35',10),(348,50.883517,20.645795,286.2,'N','E','2014-08-04 13:46:41',10),(349,50.88317,20.645457,284.9,'N','E','2014-08-04 13:46:47',10),(350,50.883082,20.645373,283.8,'N','E','2014-08-04 13:46:53',10),(351,50.88296,20.64555,283.1,'N','E','2014-08-04 13:46:59',10),(352,50.88296,20.64555,283.1,'N','E','2014-08-04 13:47:04',10),(353,50.88296,20.64555,283.1,'N','E','2014-08-04 13:47:10',10),(354,50.882313,20.64738,283.1,'N','E','2014-08-04 13:47:16',10),(355,50.88218,20.647757,283.1,'N','E','2014-08-04 13:47:22',10),(356,50.88193,20.648463,283.5,'N','E','2014-08-04 13:47:28',10),(357,50.881762,20.649307,284.2,'N','E','2014-08-04 13:47:34',10),(358,50.881805,20.650098,284.7,'N','E','2014-08-04 13:47:40',10),(359,50.881805,20.650098,284.7,'N','E','2014-08-04 13:47:45',10),(360,50.881805,20.650098,284.7,'N','E','2014-08-04 13:47:51',10),(361,50.881805,20.650098,284.7,'N','E','2014-08-04 13:47:57',10),(362,50.882598,20.652102,288.7,'N','E','2014-08-04 13:48:03',10),(363,50.882915,20.65252,287.7,'N','E','2014-08-04 13:48:09',10),(364,50.883073,20.652092,286.7,'N','E','2014-08-04 13:48:15',10),(365,50.883073,20.652092,286.7,'N','E','2014-08-04 13:48:20',10),(366,50.883073,20.652092,286.7,'N','E','2014-08-04 13:48:26',10),(367,50.883073,20.652092,286.7,'N','E','2014-08-04 13:48:31',10),(368,50.883073,20.652092,286.7,'N','E','2014-08-04 13:48:37',10),(369,50.883648,20.650673,296.8,'N','E','2014-08-04 14:11:37',18),(370,50.883637,20.650667,297.3,'N','E','2014-08-04 14:11:43',18),(371,50.883665,20.650515,326.9,'N','E','2014-08-05 15:47:09',10),(372,50.88363,20.65051,321.1,'N','E','2014-08-05 15:47:18',10),(373,50.883763,20.650542,328.8,'N','E','2014-08-05 15:48:25',10),(374,50.883763,20.650542,328.8,'N','E','2014-08-05 15:48:30',10),(375,50.883773,20.65053,326.6,'N','E','2014-08-05 15:48:36',10),(376,50.883752,20.650603,324.7,'N','E','2014-08-05 15:48:41',10),(377,50.883752,20.650603,324.7,'N','E','2014-08-05 15:48:46',10),(378,50.883752,20.650603,324.7,'N','E','2014-08-05 15:48:51',10),(379,50.883403,20.651383,315.2,'N','E','2014-08-05 15:48:56',10),(380,50.883213,20.651842,313.8,'N','E','2014-08-05 15:49:01',10),(381,50.883033,20.652295,311.5,'N','E','2014-08-05 15:49:06',10),(382,50.883033,20.652295,311.5,'N','E','2014-08-05 15:49:10',10),(383,50.882797,20.652332,306.3,'N','E','2014-08-05 15:49:15',10),(384,50.882538,20.651917,303.7,'N','E','2014-08-05 15:49:20',10),(385,50.882362,20.65165,303.1,'N','E','2014-08-05 15:49:25',10),(386,50.882362,20.65165,303.1,'N','E','2014-08-05 15:49:31',10),(387,50.882362,20.65165,303.1,'N','E','2014-08-05 15:49:36',10),(388,50.881847,20.650188,293.6,'N','E','2014-08-05 15:49:42',10),(389,50.881847,20.650188,293.6,'N','E','2014-08-05 15:49:47',10),(390,50.8818,20.649005,288.8,'N','E','2014-08-05 15:49:53',10),(391,50.8818,20.649005,288.8,'N','E','2014-08-05 15:49:58',10),(392,50.882228,20.64767,286.7,'N','E','2014-08-05 15:50:04',10),(393,50.882228,20.64767,286.7,'N','E','2014-08-05 15:50:09',10),(394,50.88255,20.646712,285.1,'N','E','2014-08-05 15:50:15',10),(395,50.88255,20.646712,285.1,'N','E','2014-08-05 15:50:20',10),(396,50.882678,20.646045,284.4,'N','E','2014-08-05 15:50:25',10),(397,50.882545,20.64624,283.8,'N','E','2014-08-05 15:50:30',10),(398,50.882545,20.64624,283.8,'N','E','2014-08-05 15:50:34',10),(399,50.882238,20.646993,282.9,'N','E','2014-08-05 15:50:39',10),(400,50.882052,20.647508,284.5,'N','E','2014-08-05 15:50:44',10),(401,50.881878,20.648022,285.2,'N','E','2014-08-05 15:50:49',10),(402,50.881878,20.648022,285.2,'N','E','2014-08-05 15:50:53',10),(403,50.881635,20.648708,287.7,'N','E','2014-08-05 15:50:58',10),(404,50.881635,20.648708,287.7,'N','E','2014-08-05 15:51:02',10),(405,50.881748,20.649073,289.1,'N','E','2014-08-05 15:51:07',10),(406,50.881748,20.649073,289.1,'N','E','2014-08-05 15:51:11',10),(407,50.881748,20.649073,289.1,'N','E','2014-08-05 15:51:16',10),(408,50.881748,20.649073,289.1,'N','E','2014-08-05 15:51:21',10),(409,50.88194,20.651065,287.9,'N','E','2014-08-05 15:51:28',10),(410,50.882212,20.651507,289.6,'N','E','2014-08-05 15:51:33',10),(411,50.882212,20.651507,289.6,'N','E','2014-08-05 15:51:38',10),(412,50.882612,20.652127,294.7,'N','E','2014-08-05 15:51:44',10),(413,50.882612,20.652127,294.7,'N','E','2014-08-05 15:51:48',10),(414,50.882612,20.652127,294.7,'N','E','2014-08-05 15:51:53',10),(415,50.883138,20.6519,296.4,'N','E','2014-08-05 15:51:58',10),(416,50.883328,20.651693,300.3,'N','E','2014-08-05 15:52:03',10),(417,50.883328,20.651693,300.3,'N','E','2014-08-05 15:52:07',10),(418,50.883328,20.651693,300.3,'N','E','2014-08-05 15:52:11',10),(419,50.883328,20.651693,300.3,'N','E','2014-08-05 15:52:16',10),(420,50.883328,20.651693,300.3,'N','E','2014-08-05 15:52:21',10),(421,50.883782,20.650005,310.2,'N','E','2014-08-05 15:52:26',10),(422,50.883657,20.650338,310.2,'N','E','2014-08-05 15:52:31',10),(423,50.883605,20.650422,309.8,'N','E','2014-08-05 15:52:36',10),(424,50.883593,20.650445,286.5,'N','E','2014-08-05 16:59:59',10),(425,50.883595,20.65044,286.4,'N','E','2014-08-05 17:00:05',10),(426,50.883595,20.65044,286.4,'N','E','2014-08-05 17:00:11',10),(427,50.883683,20.650468,300.3,'N','E','2014-08-05 17:00:18',10),(428,50.883695,20.650657,308.5,'N','E','2014-08-05 17:00:24',10),(429,50.883695,20.650657,308.5,'N','E','2014-08-05 17:00:29',10),(430,50.883695,20.650657,308.5,'N','E','2014-08-05 17:00:35',10),(431,50.883263,20.651802,308.7,'N','E','2014-08-05 17:00:41',10),(432,50.883263,20.651802,308.7,'N','E','2014-08-05 17:00:46',10),(433,50.882868,20.6524,301.5,'N','E','2014-08-05 17:00:53',10),(434,50.882868,20.6524,301.5,'N','E','2014-08-05 17:00:58',10),(435,50.882868,20.6524,301.5,'N','E','2014-08-05 17:01:04',10),(436,50.882098,20.65123,295.3,'N','E','2014-08-05 17:01:10',10),(437,50.88183,20.650853,293.6,'N','E','2014-08-05 17:01:16',10),(438,50.88183,20.650853,293.6,'N','E','2014-08-05 17:01:21',10),(439,50.881528,20.651097,288.6,'N','E','2014-08-05 17:01:28',10),(440,50.881478,20.651145,286.4,'N','E','2014-08-05 17:01:34',10),(441,50.881478,20.651145,286.4,'N','E','2014-08-05 17:01:39',10),(442,50.881048,20.650637,284,'N','E','2014-08-05 17:01:45',10),(443,50.880942,20.650462,283.1,'N','E','2014-08-05 17:01:51',10),(444,50.880942,20.650462,283.1,'N','E','2014-08-05 17:01:56',10),(445,50.880942,20.650462,283.1,'N','E','2014-08-05 17:02:02',10),(446,50.880942,20.650462,283.1,'N','E','2014-08-05 17:02:08',10),(447,50.880952,20.650468,281,'N','E','2014-08-05 17:02:14',10),(448,50.88096,20.65047,280.8,'N','E','2014-08-05 17:02:20',10),(449,50.880967,20.650473,282.3,'N','E','2014-08-05 17:02:26',10),(450,50.880967,20.650473,282.3,'N','E','2014-08-05 17:02:31',10),(451,50.880967,20.650473,282.3,'N','E','2014-08-05 17:02:37',10),(452,50.880967,20.650473,282.3,'N','E','2014-08-05 17:02:43',10),(453,50.879678,20.648692,284.2,'N','E','2014-08-05 17:02:49',10),(454,50.878792,20.647492,283.1,'N','E','2014-08-05 17:02:55',10),(455,50.878792,20.647492,283.1,'N','E','2014-08-05 17:03:00',10),(456,50.878792,20.647492,283.1,'N','E','2014-08-05 17:03:06',10),(457,50.877142,20.645363,278.7,'N','E','2014-08-05 17:03:12',10),(458,50.877148,20.645378,278.4,'N','E','2014-08-05 17:03:18',10),(459,50.877103,20.64532,278.3,'N','E','2014-08-05 17:03:24',10),(460,50.877103,20.64532,278.3,'N','E','2014-08-05 17:03:29',10),(461,50.877103,20.64532,278.3,'N','E','2014-08-05 17:03:35',10),(462,50.876493,20.64449,278.5,'N','E','2014-08-05 17:03:41',10),(463,50.876493,20.64449,278.5,'N','E','2014-08-05 17:03:46',10),(464,50.875792,20.643515,279.4,'N','E','2014-08-05 17:03:53',10),(465,50.875792,20.643515,279.4,'N','E','2014-08-05 17:03:58',10),(466,50.875792,20.643515,279.4,'N','E','2014-08-05 17:04:04',10),(467,50.874238,20.642123,274.9,'N','E','2014-08-05 17:04:10',10),(468,50.873733,20.64182,273.6,'N','E','2014-08-05 17:04:16',10),(469,50.873733,20.64182,273.6,'N','E','2014-08-05 17:04:21',10),(470,50.873733,20.64182,273.6,'N','E','2014-08-05 17:04:27',10),(471,50.872695,20.641193,271,'N','E','2014-08-05 17:04:33',10),(472,50.872605,20.641143,269.8,'N','E','2014-08-05 17:04:39',10),(473,50.872403,20.641017,267.9,'N','E','2014-08-05 17:04:45',10),(474,50.872403,20.641017,267.9,'N','E','2014-08-05 17:04:50',10),(475,50.872403,20.641017,267.9,'N','E','2014-08-05 17:04:56',10),(476,50.871955,20.639937,269.6,'N','E','2014-08-05 17:05:02',10),(477,50.872177,20.639258,270.1,'N','E','2014-08-05 17:05:08',10),(478,50.872348,20.638873,272.5,'N','E','2014-08-05 17:05:14',10),(479,50.872348,20.638873,272.5,'N','E','2014-08-05 17:05:19',10),(480,50.872348,20.638873,272.5,'N','E','2014-08-05 17:05:25',10),(481,50.872357,20.638897,271.8,'N','E','2014-08-05 17:05:31',10),(482,50.872357,20.638897,271.8,'N','E','2014-08-05 17:05:36',10),(483,50.872357,20.638897,271.8,'N','E','2014-08-05 17:05:42',10),(484,50.872357,20.638897,271.8,'N','E','2014-08-05 17:05:48',10),(485,50.872357,20.638897,271.8,'N','E','2014-08-05 17:05:54',10),(486,50.87235,20.638928,273.2,'N','E','2014-08-05 17:06:00',10),(487,50.872348,20.638923,275.6,'N','E','2014-08-05 17:06:06',10),(488,50.872348,20.638923,275.6,'N','E','2014-08-05 17:06:11',10),(489,50.87231,20.637828,272.4,'N','E','2014-08-05 17:06:18',10),(490,50.87231,20.637828,272.4,'N','E','2014-08-05 17:06:23',10),(491,50.871792,20.636858,266.3,'N','E','2014-08-05 17:06:29',10),(492,50.871792,20.636858,266.3,'N','E','2014-08-05 17:06:34',10),(493,50.870283,20.636182,267.9,'N','E','2014-08-05 17:06:41',10),(494,50.870283,20.636182,267.9,'N','E','2014-08-05 17:06:46',10),(495,50.870283,20.636182,267.9,'N','E','2014-08-05 17:06:52',10),(496,50.869307,20.635233,270.1,'N','E','2014-08-05 17:06:58',10),(497,50.869667,20.6345,269,'N','E','2014-08-05 17:07:04',10),(498,50.869667,20.6345,269,'N','E','2014-08-05 17:07:09',10),(499,50.870133,20.63363,267.1,'N','E','2014-08-05 17:07:15',10),(500,50.870152,20.633638,267.1,'N','E','2014-08-05 17:07:21',10),(501,50.870152,20.633638,267.1,'N','E','2014-08-05 17:07:26',10),(502,50.870152,20.633638,267.1,'N','E','2014-08-05 17:07:32',10),(503,50.870482,20.633735,268.8,'N','E','2014-08-05 17:07:38',10),(504,50.870482,20.633735,268.8,'N','E','2014-08-05 17:07:43',10),(505,50.870482,20.633735,268.8,'N','E','2014-08-05 17:07:48',10),(506,50.870482,20.633735,268.8,'N','E','2014-08-05 17:07:54',10),(507,50.870482,20.633735,268.8,'N','E','2014-08-05 17:07:59',10),(508,50.870482,20.633735,268.8,'N','E','2014-08-05 17:08:04',10),(509,50.870482,20.633735,268.8,'N','E','2014-08-05 17:08:09',10),(510,50.870258,20.633522,271,'N','E','2014-08-05 17:08:14',10),(511,50.87025,20.63351,271.3,'N','E','2014-08-05 17:08:19',10),(512,50.870213,20.633518,271.1,'N','E','2014-08-05 17:08:24',10),(513,50.87009,20.63369,271,'N','E','2014-08-05 17:08:29',10),(514,50.869988,20.633868,270.9,'N','E','2014-08-05 17:08:34',10),(515,50.869988,20.633868,270.9,'N','E','2014-08-05 17:08:38',10),(516,50.869988,20.633868,270.9,'N','E','2014-08-05 17:08:43',10),(517,50.869988,20.633868,270.9,'N','E','2014-08-05 17:08:48',10),(518,50.869988,20.633868,270.9,'N','E','2014-08-05 17:08:53',10),(519,50.869988,20.633868,270.9,'N','E','2014-08-05 17:08:58',10),(520,50.870095,20.63362,271.2,'N','E','2014-08-05 17:09:03',10),(521,50.870252,20.633502,270.8,'N','E','2014-08-05 17:09:08',10),(522,50.870353,20.633608,270.6,'N','E','2014-08-05 17:09:13',10),(523,50.870443,20.633747,271.1,'N','E','2014-08-05 17:09:18',10),(524,50.870438,20.633735,271.3,'N','E','2014-08-05 17:09:23',10),(525,50.870438,20.633735,271.3,'N','E','2014-08-05 17:09:27',10),(526,50.870438,20.633735,271.3,'N','E','2014-08-05 17:09:32',10),(527,50.870278,20.63359,270.2,'N','E','2014-08-05 17:18:16',10),(528,50.870278,20.63359,270.2,'N','E','2014-08-05 17:18:21',10),(529,50.870278,20.63359,270.2,'N','E','2014-08-05 17:18:26',10),(530,50.870278,20.63359,270.2,'N','E','2014-08-05 17:18:31',10),(531,50.870278,20.63359,270.2,'N','E','2014-08-05 17:18:36',10),(532,50.870278,20.63359,270.2,'N','E','2014-08-05 17:18:41',10),(533,50.870278,20.63359,270.2,'N','E','2014-08-05 17:18:46',10),(534,50.870278,20.63359,270.2,'N','E','2014-08-05 17:18:51',10),(535,50.869272,20.635223,282,'N','E','2014-08-05 17:18:56',10),(536,50.869108,20.63561,289.5,'N','E','2014-08-05 17:19:01',10),(537,50.869278,20.635808,286.1,'N','E','2014-08-05 17:19:06',10),(538,50.869278,20.635808,286.1,'N','E','2014-08-05 17:19:10',10),(539,50.870168,20.636205,284,'N','E','2014-08-05 17:19:15',10),(540,50.870903,20.636528,281.7,'N','E','2014-08-05 17:19:20',10),(541,50.870903,20.636528,281.7,'N','E','2014-08-05 17:19:24',10),(542,50.870903,20.636528,281.7,'N','E','2014-08-05 17:19:29',10),(543,50.872142,20.637308,273.4,'N','E','2014-08-05 17:19:34',10),(544,50.87223,20.637872,270,'N','E','2014-08-05 17:19:39',10),(545,50.87223,20.637872,270,'N','E','2014-08-05 17:19:43',10),(546,50.872095,20.63881,268.5,'N','E','2014-08-05 17:19:48',10),(547,50.871775,20.639415,268.6,'N','E','2014-08-05 17:19:53',10),(548,50.871775,20.639415,268.6,'N','E','2014-08-05 17:19:57',10),(549,50.871775,20.639415,268.6,'N','E','2014-08-05 17:20:02',10),(550,50.871775,20.639415,268.6,'N','E','2014-08-05 17:20:06',10),(551,50.871775,20.639415,268.6,'N','E','2014-08-05 17:20:11',10),(552,50.871775,20.639415,268.6,'N','E','2014-08-05 17:20:16',10),(553,50.87152,20.640182,271.1,'N','E','2014-08-05 17:20:21',10),(554,50.871522,20.640183,270.9,'N','E','2014-08-05 17:20:26',10),(555,50.871522,20.640183,270.9,'N','E','2014-08-05 17:20:30',10),(556,50.871385,20.64079,270.1,'N','E','2014-08-05 17:20:35',10),(557,50.871385,20.641228,269.9,'N','E','2014-08-05 17:20:40',10),(558,50.871385,20.641228,269.9,'N','E','2014-08-05 17:20:44',10),(559,50.871385,20.641228,269.9,'N','E','2014-08-05 17:20:49',10),(560,50.871513,20.6413,267,'N','E','2014-08-05 17:20:54',10),(561,50.871513,20.6413,267,'N','E','2014-08-05 17:20:58',10),(562,50.871515,20.641293,266.5,'N','E','2014-08-05 17:21:03',10),(563,50.871518,20.64129,266.6,'N','E','2014-08-05 17:21:08',10),(564,50.871717,20.641348,266.8,'N','E','2014-08-05 17:21:13',10),(565,50.871717,20.641348,266.8,'N','E','2014-08-05 17:21:17',10),(566,50.872573,20.64159,268,'N','E','2014-08-05 17:21:22',10),(567,50.872573,20.64159,268,'N','E','2014-08-05 17:21:26',10),(568,50.872573,20.64159,268,'N','E','2014-08-05 17:21:31',10),(569,50.872573,20.64159,268,'N','E','2014-08-05 17:21:36',10),(570,50.874403,20.642293,268.3,'N','E','2014-08-05 17:21:41',10),(571,50.87511,20.642837,268.6,'N','E','2014-08-05 17:21:48',10),(572,50.875492,20.64324,269.4,'N','E','2014-08-05 17:21:53',10),(573,50.875492,20.64324,269.4,'N','E','2014-08-05 17:21:57',10),(574,50.875492,20.64324,269.4,'N','E','2014-08-05 17:22:01',10),(575,50.875492,20.64324,269.4,'N','E','2014-08-05 17:22:06',10),(576,50.875492,20.64324,269.4,'N','E','2014-08-05 17:22:11',10),(577,50.875492,20.64324,269.4,'N','E','2014-08-05 17:22:16',10),(578,50.875492,20.64324,269.4,'N','E','2014-08-05 17:22:21',10),(579,50.875492,20.64324,269.4,'N','E','2014-08-05 17:22:26',10),(580,50.875492,20.64324,269.4,'N','E','2014-08-05 17:22:32',10),(581,50.875342,20.64866,271.4,'N','E','2014-08-05 17:22:37',10),(582,50.875342,20.64866,271.4,'N','E','2014-08-05 17:22:41',10),(583,50.875342,20.64866,271.4,'N','E','2014-08-05 17:22:46',10),(584,50.875342,20.64866,271.4,'N','E','2014-08-05 17:22:51',10),(585,50.874827,20.653523,275.5,'N','E','2014-08-05 17:22:56',10),(586,50.874707,20.65478,275,'N','E','2014-08-05 17:23:01',10),(587,50.874682,20.655907,273.9,'N','E','2014-08-05 17:23:06',10),(588,50.874682,20.655907,273.9,'N','E','2014-08-05 17:23:10',10),(589,50.874732,20.656795,273.7,'N','E','2014-08-05 17:23:15',10),(590,50.874418,20.656772,271.7,'N','E','2014-08-05 17:23:20',10),(591,50.874418,20.656772,271.7,'N','E','2014-08-05 17:23:24',10),(592,50.874302,20.656897,270.8,'N','E','2014-08-05 17:23:29',10),(593,50.874313,20.656888,270,'N','E','2014-08-05 17:23:34',10),(594,50.874313,20.656888,270,'N','E','2014-08-05 17:23:38',10),(595,50.874352,20.656798,271.5,'N','E','2014-08-05 17:23:43',10),(596,50.874643,20.656782,272.1,'N','E','2014-08-05 17:23:48',10),(597,50.874643,20.656782,272.1,'N','E','2014-08-05 17:23:52',10),(598,50.875535,20.656757,274.1,'N','E','2014-08-05 17:23:57',10),(599,50.875535,20.656757,274.1,'N','E','2014-08-05 17:24:01',10),(600,50.875535,20.656757,274.1,'N','E','2014-08-05 17:24:06',10),(601,50.875535,20.656757,274.1,'N','E','2014-08-05 17:24:11',10),(602,50.876767,20.657642,278.5,'N','E','2014-08-05 17:24:16',10),(603,50.876692,20.658278,278.5,'N','E','2014-08-05 17:24:21',10),(604,50.876692,20.658278,278.5,'N','E','2014-08-05 17:24:25',10),(605,50.876662,20.658578,277.1,'N','E','2014-08-05 17:24:30',10),(606,50.876657,20.658577,277,'N','E','2014-08-05 17:24:35',10),(607,50.876657,20.658577,277,'N','E','2014-08-05 17:24:39',10),(608,50.876642,20.658667,277.6,'N','E','2014-08-05 17:24:44',10),(609,50.876598,20.658927,278.1,'N','E','2014-08-05 17:24:49',10),(610,50.876598,20.658927,278.1,'N','E','2014-08-05 17:24:53',10),(611,50.876695,20.659002,277.8,'N','E','2014-08-05 17:24:58',10),(612,50.876657,20.658743,277.9,'N','E','2014-08-05 17:25:03',10),(613,50.876657,20.658743,277.9,'N','E','2014-08-05 17:25:07',10),(614,50.876762,20.657678,276.4,'N','E','2014-08-05 17:25:12',10),(615,50.876762,20.657678,276.4,'N','E','2014-08-05 17:25:16',10),(616,50.876762,20.657678,276.4,'N','E','2014-08-05 17:25:21',10),(617,50.876762,20.657678,276.4,'N','E','2014-08-05 17:25:26',10),(618,50.876762,20.657678,276.4,'N','E','2014-08-05 17:25:31',10),(619,50.875987,20.656713,274.4,'N','E','2014-08-05 17:25:36',10),(620,50.875673,20.65671,275.2,'N','E','2014-08-05 17:25:41',10),(621,50.87539,20.656725,277,'N','E','2014-08-05 17:25:46',10),(622,50.87539,20.656725,277,'N','E','2014-08-05 17:25:50',10),(623,50.874958,20.656732,276.5,'N','E','2014-08-05 17:25:55',10),(624,50.874827,20.656507,275.7,'N','E','2014-08-05 17:26:00',10),(625,50.874827,20.656507,275.7,'N','E','2014-08-05 17:26:04',10),(626,50.874827,20.656507,275.7,'N','E','2014-08-05 17:26:09',10),(627,50.874765,20.654157,273,'N','E','2014-08-05 17:26:14',10),(628,50.874765,20.654157,273,'N','E','2014-08-05 17:26:18',10),(629,50.875075,20.65369,272.6,'N','E','2014-08-05 17:26:23',10),(630,50.875365,20.65376,273.7,'N','E','2014-08-05 17:26:28',10),(631,50.875578,20.653765,275.1,'N','E','2014-08-05 17:26:33',10),(632,50.875578,20.653765,275.1,'N','E','2014-08-05 17:26:37',10),(633,50.875578,20.653765,275.1,'N','E','2014-08-05 17:26:41',10),(634,50.875578,20.653765,275.1,'N','E','2014-08-05 17:26:46',10),(635,50.875578,20.653765,275.1,'N','E','2014-08-05 17:26:51',10),(636,50.875578,20.653765,275.1,'N','E','2014-08-05 17:26:56',10),(637,50.875615,20.65205,275.7,'N','E','2014-08-05 17:27:02',10),(638,50.875615,20.65205,275.7,'N','E','2014-08-05 17:27:06',10),(639,50.875615,20.65205,275.7,'N','E','2014-08-05 17:27:11',10),(640,50.875802,20.651668,284,'N','E','2014-08-05 18:22:28',10),(641,50.875798,20.651673,284.6,'N','E','2014-08-05 18:22:33',10),(642,50.875798,20.651673,284.6,'N','E','2014-08-05 18:22:38',10),(643,50.875798,20.651673,284.6,'N','E','2014-08-05 18:22:45',10),(644,50.875723,20.65213,282.8,'N','E','2014-08-05 18:22:51',10),(645,50.875693,20.652693,281.7,'N','E','2014-08-05 18:22:56',10),(646,50.875693,20.652693,281.7,'N','E','2014-08-05 18:23:01',10),(647,50.875693,20.652693,281.7,'N','E','2014-08-05 18:23:06',10),(648,50.875587,20.653802,282.6,'N','E','2014-08-05 18:23:11',10),(649,50.875437,20.653817,282.1,'N','E','2014-08-05 18:23:16',10),(650,50.875153,20.653735,280.1,'N','E','2014-08-05 18:23:21',10),(651,50.875153,20.653735,280.1,'N','E','2014-08-05 18:23:25',10),(652,50.874848,20.653647,279.4,'N','E','2014-08-05 18:23:30',10),(653,50.87483,20.653615,279.1,'N','E','2014-08-05 18:23:35',10),(654,50.87483,20.653615,279.1,'N','E','2014-08-05 18:23:39',10),(655,50.87483,20.653615,279.1,'N','E','2014-08-05 18:23:44',10),(656,50.874867,20.65194,275.4,'N','E','2014-08-05 18:23:49',10),(657,50.874942,20.65106,275.1,'N','E','2014-08-05 18:23:54',10),(658,50.874942,20.65106,275.1,'N','E','2014-08-05 18:23:58',10),(659,50.8752,20.649403,273.2,'N','E','2014-08-05 18:24:03',10),(660,50.875347,20.648512,271.4,'N','E','2014-08-05 18:24:08',10),(661,50.875347,20.648512,271.4,'N','E','2014-08-05 18:24:12',10),(662,50.875347,20.648512,271.4,'N','E','2014-08-05 18:24:17',10),(663,50.875722,20.64651,272.5,'N','E','2014-08-05 18:24:22',10),(664,50.875722,20.64651,272.5,'N','E','2014-08-05 18:24:26',10),(665,50.875722,20.64651,272.5,'N','E','2014-08-05 18:24:31',10),(666,50.875722,20.64651,272.5,'N','E','2014-08-05 18:24:36',10),(667,50.875722,20.64651,272.5,'N','E','2014-08-05 18:24:41',10),(668,50.876927,20.6439,271.2,'N','E','2014-08-05 18:24:46',10),(669,50.877218,20.643237,270.7,'N','E','2014-08-05 18:24:51',10),(670,50.877218,20.643237,270.7,'N','E','2014-08-05 18:24:55',10),(671,50.877518,20.643025,271.1,'N','E','2014-08-05 18:25:00',10),(672,50.877412,20.643423,272.9,'N','E','2014-08-05 18:25:05',10),(673,50.877412,20.643423,272.9,'N','E','2014-08-05 18:25:09',10),(674,50.877412,20.643423,272.9,'N','E','2014-08-05 18:25:14',10),(675,50.877808,20.644152,277.3,'N','E','2014-08-05 18:25:19',10),(676,50.877808,20.644152,277.3,'N','E','2014-08-05 18:25:23',10),(677,50.877695,20.644625,288.3,'N','E','2014-08-05 18:25:28',10),(678,50.877613,20.645005,289.1,'N','E','2014-08-05 18:25:33',10),(679,50.877542,20.645037,276.5,'N','E','2014-08-05 18:28:35',10),(680,50.877542,20.645037,276.5,'N','E','2014-08-05 18:28:40',10),(681,50.877542,20.645037,276.5,'N','E','2014-08-05 18:28:46',10),(682,50.877542,20.645037,276.5,'N','E','2014-08-05 18:28:51',10),(683,50.877542,20.645037,276.5,'N','E','2014-08-05 18:28:56',10),(684,50.87784,20.644142,274.5,'N','E','2014-08-05 18:29:03',10),(685,50.87784,20.644142,274.5,'N','E','2014-08-05 18:29:07',10),(686,50.877472,20.643598,274,'N','E','2014-08-05 18:29:13',10),(687,50.877472,20.643598,274,'N','E','2014-08-05 18:29:18',10),(688,50.877472,20.643598,274,'N','E','2014-08-05 18:29:23',10),(689,50.877472,20.643598,274,'N','E','2014-08-05 18:29:28',10),(690,50.876978,20.643405,272.9,'N','E','2014-08-05 18:29:33',10),(691,50.876732,20.644142,272.8,'N','E','2014-08-05 18:29:38',10),(692,50.876557,20.644667,272.4,'N','E','2014-08-05 18:29:43',10),(693,50.876557,20.644667,272.4,'N','E','2014-08-05 18:29:49',10),(694,50.877125,20.645748,274.7,'N','E','2014-08-05 18:29:54',10),(695,50.877628,20.646473,276.8,'N','E','2014-08-05 18:29:59',10),(696,50.87816,20.647248,279.2,'N','E','2014-08-05 18:30:04',10),(697,50.878722,20.64805,281.1,'N','E','2014-08-05 18:30:09',10),(698,50.878722,20.64805,281.1,'N','E','2014-08-05 18:30:13',10),(699,50.878722,20.64805,281.1,'N','E','2014-08-05 18:30:18',10),(700,50.878722,20.64805,281.1,'N','E','2014-08-05 18:30:23',10),(701,50.880015,20.650052,284.4,'N','E','2014-08-05 18:30:28',10),(702,50.880143,20.650245,284.6,'N','E','2014-08-05 18:30:33',10),(703,50.880348,20.650537,285.3,'N','E','2014-08-05 18:30:38',10),(704,50.880648,20.650915,286,'N','E','2014-08-05 18:30:43',10),(705,50.881033,20.651473,287.3,'N','E','2014-08-05 18:30:49',10),(706,50.881375,20.651972,288.6,'N','E','2014-08-05 18:30:54',10),(707,50.881375,20.651972,288.6,'N','E','2014-08-05 18:30:58',10),(708,50.881375,20.651972,288.6,'N','E','2014-08-05 18:31:03',10),(709,50.882583,20.653688,292.8,'N','E','2014-08-05 18:31:08',10),(710,50.882892,20.654135,293.2,'N','E','2014-08-05 18:31:13',10),(711,50.883035,20.654222,294.3,'N','E','2014-08-05 18:31:18',10),(712,50.88309,20.654027,293.7,'N','E','2014-08-05 18:31:23',10),(713,50.882853,20.653528,291.1,'N','E','2014-08-05 18:31:28',10),(714,50.882398,20.652792,291,'N','E','2014-08-05 18:31:33',10),(715,50.882398,20.652792,291,'N','E','2014-08-05 18:31:37',10),(716,50.882398,20.652792,291,'N','E','2014-08-05 18:31:42',10),(717,50.881503,20.651207,290.4,'N','E','2014-08-05 18:31:47',10),(718,50.881503,20.651207,290.4,'N','E','2014-08-05 18:31:51',10),(719,50.881503,20.651207,290.4,'N','E','2014-08-05 18:31:56',10),(720,50.881503,20.651207,290.4,'N','E','2014-08-05 18:32:01',10),(721,50.881503,20.651207,290.4,'N','E','2014-08-05 18:32:06',10),(722,50.882383,20.651807,295.7,'N','E','2014-08-05 18:32:11',10),(723,50.882593,20.652117,297.6,'N','E','2014-08-05 18:32:16',10),(724,50.882852,20.652487,298.9,'N','E','2014-08-05 18:32:21',10),(725,50.882852,20.652487,298.9,'N','E','2014-08-05 18:32:25',10),(726,50.882852,20.652487,298.9,'N','E','2014-08-05 18:32:30',10),(727,50.883168,20.651847,294.9,'N','E','2014-08-05 18:32:35',10),(728,50.883322,20.65174,294.3,'N','E','2014-08-05 18:32:40',10),(729,50.883423,20.65147,293.2,'N','E','2014-08-05 18:32:45',10),(730,50.883423,20.65147,293.2,'N','E','2014-08-05 18:32:49',10),(731,50.883613,20.65096,294.6,'N','E','2014-08-05 18:32:54',10),(732,50.883712,20.650678,295.4,'N','E','2014-08-05 18:32:59',10),(733,50.883728,20.650487,296.3,'N','E','2014-08-05 18:33:04',10),(734,50.883718,20.650478,300,'N','E','2014-08-05 18:33:09',10),(735,50.883208,20.651483,309.1,'N','E','2014-08-07 10:39:24',10),(736,50.883208,20.651483,309.1,'N','E','2014-08-07 10:39:29',10),(737,50.88332,20.651502,310.2,'N','E','2014-08-07 10:39:35',10),(738,50.883233,20.651753,308.9,'N','E','2014-08-07 10:39:40',10),(739,50.883057,20.652255,307.4,'N','E','2014-08-07 10:39:46',10),(740,50.883057,20.652255,307.4,'N','E','2014-08-07 10:39:51',10),(741,50.883057,20.652255,307.4,'N','E','2014-08-07 10:39:56',10),(742,50.883057,20.652255,307.4,'N','E','2014-08-07 10:40:02',10),(743,50.882267,20.651608,299.2,'N','E','2014-08-07 10:40:07',10),(744,50.882267,20.651608,299.2,'N','E','2014-08-07 10:40:11',10),(745,50.882267,20.651608,299.2,'N','E','2014-08-07 10:40:16',10),(746,50.882267,20.651608,299.2,'N','E','2014-08-07 10:40:21',10),(747,50.881445,20.651162,295.1,'N','E','2014-08-07 10:40:26',10),(748,50.88142,20.651182,295.6,'N','E','2014-08-07 10:40:31',10),(749,50.866738,20.646992,291.8,'N','E','2014-08-07 15:22:44',10),(750,50.866738,20.646992,291.8,'N','E','2014-08-07 15:22:49',10),(751,50.866738,20.646992,291.8,'N','E','2014-08-07 15:22:55',10),(752,50.866738,20.646992,291.8,'N','E','2014-08-07 15:23:01',10),(753,50.866738,20.646992,291.8,'N','E','2014-08-07 15:23:06',10),(754,50.866738,20.646992,291.8,'N','E','2014-08-07 15:23:12',10),(755,50.866738,20.646992,291.8,'N','E','2014-08-07 15:23:17',10),(756,50.866738,20.646992,291.8,'N','E','2014-08-07 15:23:22',10),(757,50.866738,20.646992,291.8,'N','E','2014-08-07 15:23:29',10),(758,50.866738,20.646992,291.8,'N','E','2014-08-07 15:23:34',10),(759,50.866738,20.646992,291.8,'N','E','2014-08-07 15:23:38',10),(760,50.866738,20.646992,291.8,'N','E','2014-08-07 15:23:44',10),(761,50.866738,20.646992,291.8,'N','E','2014-08-07 15:23:49',10),(762,50.866738,20.646992,291.8,'N','E','2014-08-07 15:23:54',10),(763,50.866738,20.646992,291.8,'N','E','2014-08-07 15:24:00',10),(764,50.866738,20.646992,291.8,'N','E','2014-08-07 15:24:05',10),(765,50.866738,20.646992,291.8,'N','E','2014-08-07 15:24:10',10),(766,50.866738,20.646992,291.8,'N','E','2014-08-07 15:24:17',10),(767,50.866738,20.646992,291.8,'N','E','2014-08-07 15:24:22',10),(768,50.866738,20.646992,291.8,'N','E','2014-08-07 15:24:27',10),(769,50.866738,20.646992,291.8,'N','E','2014-08-07 15:24:33',10),(770,50.866738,20.646992,291.8,'N','E','2014-08-07 15:24:38',10),(771,50.866738,20.646992,291.8,'N','E','2014-08-07 15:24:44',10),(772,50.866738,20.646992,291.8,'N','E','2014-08-07 15:24:50',10),(773,50.866738,20.646992,291.8,'N','E','2014-08-07 15:24:55',10),(774,50.866738,20.646992,291.8,'N','E','2014-08-07 15:25:00',10),(775,50.866738,20.646992,291.8,'N','E','2014-08-07 15:25:06',10),(776,50.866738,20.646992,291.8,'N','E','2014-08-07 15:25:11',10),(777,50.866738,20.646992,291.8,'N','E','2014-08-07 15:25:16',10),(778,50.866738,20.646992,291.8,'N','E','2014-08-07 15:25:22',10),(779,50.866738,20.646992,291.8,'N','E','2014-08-07 15:25:28',10),(780,50.866738,20.646992,291.8,'N','E','2014-08-07 15:25:33',10),(781,50.866738,20.646992,291.8,'N','E','2014-08-07 15:25:39',10),(782,50.866738,20.646992,291.8,'N','E','2014-08-07 15:25:44',10),(783,50.866738,20.646992,291.8,'N','E','2014-08-07 15:25:49',10),(784,50.866738,20.646992,291.8,'N','E','2014-08-07 15:25:55',10),(785,50.866738,20.646992,291.8,'N','E','2014-08-07 15:26:00',10),(786,50.866738,20.646992,291.8,'N','E','2014-08-07 15:26:05',10),(787,50.866738,20.646992,291.8,'N','E','2014-08-07 15:26:11',10),(788,50.866738,20.646992,291.8,'N','E','2014-08-07 15:26:17',10),(789,50.866738,20.646992,291.8,'N','E','2014-08-07 15:26:21',10),(790,50.868533,20.654245,294.8,'N','E','2014-08-07 15:26:28',10),(791,50.86853,20.65425,294.6,'N','E','2014-08-07 15:26:33',10),(792,50.86853,20.65425,294.6,'N','E','2014-08-07 15:26:38',10),(793,50.86853,20.65425,294.6,'N','E','2014-08-07 15:26:44',10),(794,50.86853,20.65425,294.6,'N','E','2014-08-07 15:26:49',10),(795,50.86853,20.65425,294.6,'N','E','2014-08-07 15:26:54',10),(796,50.86853,20.65425,294.6,'N','E','2014-08-07 15:27:00',10),(797,50.86853,20.65425,294.6,'N','E','2014-08-07 15:27:05',10),(798,50.86853,20.65425,294.6,'N','E','2014-08-07 15:27:10',10),(799,50.86853,20.65425,294.6,'N','E','2014-08-07 15:27:17',10),(800,50.86853,20.65425,294.6,'N','E','2014-08-07 15:27:22',10),(801,50.86853,20.65425,294.6,'N','E','2014-08-07 15:27:27',10),(802,50.871152,20.643903,264.6,'N','E','2014-08-07 15:27:34',10),(803,50.871152,20.643903,264.6,'N','E','2014-08-07 15:27:39',10),(804,50.871152,20.643903,264.6,'N','E','2014-08-07 15:27:44',10),(805,50.871152,20.643903,264.6,'N','E','2014-08-07 15:27:50',10),(806,50.871152,20.643903,264.6,'N','E','2014-08-07 15:27:55',10),(807,50.871152,20.643903,264.6,'N','E','2014-08-07 15:28:00',10),(808,50.871152,20.643903,264.6,'N','E','2014-08-07 15:28:05',10),(809,50.872033,20.641442,291.8,'N','E','2014-08-07 15:28:11',10),(810,50.872033,20.641442,291.8,'N','E','2014-08-07 15:28:16',10),(811,50.87213,20.641435,289,'N','E','2014-08-07 15:28:22',10),(812,50.87213,20.641435,289,'N','E','2014-08-07 15:28:27',10),(813,50.87213,20.641435,289,'N','E','2014-08-07 15:28:32',10),(814,50.87213,20.641435,289,'N','E','2014-08-07 15:28:38',10),(815,50.87213,20.641435,289,'N','E','2014-08-07 15:28:43',10),(816,50.87231,20.641492,281.4,'N','E','2014-08-07 15:28:49',10),(817,50.872328,20.6415,281.4,'N','E','2014-08-07 15:28:55',10),(818,50.872327,20.6415,281.3,'N','E','2014-08-07 15:29:00',10),(819,50.872415,20.641528,281.2,'N','E','2014-08-07 15:29:05',10),(820,50.872415,20.641528,281.2,'N','E','2014-08-07 15:29:12',10),(821,50.872415,20.641528,281.2,'N','E','2014-08-07 15:29:17',10),(822,50.87279,20.641648,280.3,'N','E','2014-08-07 15:29:23',10),(823,50.87291,20.641668,280.4,'N','E','2014-08-07 15:29:29',10),(824,50.87304,20.641642,280.8,'N','E','2014-08-07 15:29:34',10),(825,50.873208,20.64165,281.5,'N','E','2014-08-07 15:29:39',10),(826,50.873208,20.64165,281.5,'N','E','2014-08-07 15:29:45',10),(827,50.873208,20.64165,281.5,'N','E','2014-08-07 15:29:50',10),(828,50.873208,20.64165,281.5,'N','E','2014-08-07 15:29:55',10),(829,50.873992,20.642055,281.9,'N','E','2014-08-07 15:30:02',10),(830,50.874243,20.642207,279.1,'N','E','2014-08-07 15:30:07',10),(831,50.874243,20.642207,279.1,'N','E','2014-08-07 15:30:12',10),(832,50.874243,20.642207,279.1,'N','E','2014-08-07 15:30:18',10),(833,50.874243,20.642207,279.1,'N','E','2014-08-07 15:30:23',10),(834,50.874967,20.642718,268.5,'N','E','2014-08-07 15:30:29',10),(835,50.875045,20.642815,268,'N','E','2014-08-07 15:30:35',10),(836,50.875132,20.642953,266.7,'N','E','2014-08-07 15:30:40',10),(837,50.8752,20.643042,265.7,'N','E','2014-08-07 15:30:45',10),(838,50.875332,20.643232,264.2,'N','E','2014-08-07 15:30:51',10),(839,50.875332,20.643232,264.2,'N','E','2014-08-07 15:30:56',10),(840,50.875332,20.643232,264.2,'N','E','2014-08-07 15:31:01',10),(841,50.87588,20.644098,261.4,'N','E','2014-08-07 15:31:08',10),(842,50.876217,20.644405,268.7,'N','E','2014-08-07 15:31:13',10),(843,50.876297,20.64452,268.6,'N','E','2014-08-07 15:31:18',10),(844,50.876297,20.64452,268.6,'N','E','2014-08-07 15:31:24',10),(845,50.876297,20.64452,268.6,'N','E','2014-08-07 15:31:29',10),(846,50.876297,20.64452,268.6,'N','E','2014-08-07 15:31:34',10),(847,50.876297,20.64452,268.6,'N','E','2014-08-07 15:31:40',10),(848,50.876297,20.64452,268.6,'N','E','2014-08-07 15:31:45',10),(849,50.876297,20.64452,268.6,'N','E','2014-08-07 15:31:50',10),(850,50.876897,20.645265,272.5,'N','E','2014-08-07 15:31:57',10),(851,50.877428,20.646045,273.3,'N','E','2014-08-07 15:32:02',10),(852,50.878033,20.646928,273.9,'N','E','2014-08-07 15:32:07',10),(853,50.878033,20.646928,273.9,'N','E','2014-08-07 15:32:13',10),(854,50.878033,20.646928,273.9,'N','E','2014-08-07 15:32:18',10),(855,50.880225,20.650383,277.2,'N','E','2014-08-07 15:32:24',10),(856,50.880225,20.650383,277.2,'N','E','2014-08-07 15:32:29',10),(857,50.880225,20.650383,277.2,'N','E','2014-08-07 15:32:34',10),(858,50.880225,20.650383,277.2,'N','E','2014-08-07 15:32:39',10),(859,50.880225,20.650383,277.2,'N','E','2014-08-07 15:32:45',10),(860,50.882925,20.654087,283.8,'N','E','2014-08-07 15:32:51',10),(861,50.882817,20.653558,290.2,'N','E','2014-08-07 15:32:56',10),(862,50.882433,20.652613,293.8,'N','E','2014-08-07 15:33:02',10),(863,50.882155,20.651893,296.2,'N','E','2014-08-07 15:33:07',10),(864,50.882155,20.651893,296.2,'N','E','2014-08-07 15:33:12',10),(865,50.88174,20.65094,291.3,'N','E','2014-08-07 15:33:18',10),(866,50.881933,20.65088,292.8,'N','E','2014-08-07 15:33:23',10),(867,50.881933,20.65088,292.8,'N','E','2014-08-07 15:33:28',10),(868,50.881933,20.65088,292.8,'N','E','2014-08-07 15:33:34',10),(869,50.881933,20.65088,292.8,'N','E','2014-08-07 15:33:39',10),(870,50.881933,20.65088,292.8,'N','E','2014-08-07 15:33:44',10),(871,50.881933,20.65088,292.8,'N','E','2014-08-07 15:33:50',10),(872,50.881933,20.65088,292.8,'N','E','2014-08-07 15:33:55',10),(873,50.88334,20.651642,296.5,'N','E','2014-08-07 15:34:01',10),(874,50.883585,20.651002,297.1,'N','E','2014-08-07 15:34:07',10),(875,50.883732,20.6506,299.5,'N','E','2014-08-07 15:34:12',10),(876,50.883872,20.65012,302.1,'N','E','2014-08-07 15:34:17',10),(877,50.883872,20.65012,302.1,'N','E','2014-08-07 15:34:23',10),(878,50.883872,20.65012,302.1,'N','E','2014-08-07 15:34:28',10),(879,50.883872,20.65012,302.1,'N','E','2014-08-07 15:34:33',10),(880,50.883627,20.650705,311.2,'N','E','2014-08-07 16:45:38',10),(881,50.883632,20.650712,311.2,'N','E','2014-08-07 16:45:43',10),(882,50.88363,20.650695,311.2,'N','E','2014-08-07 16:45:49',10),(883,50.88363,20.650695,311.2,'N','E','2014-08-07 16:45:55',10),(884,50.88363,20.650695,311.2,'N','E','2014-08-07 16:46:00',10),(885,50.883333,20.651408,303.8,'N','E','2014-08-07 16:46:07',10),(886,50.883333,20.651408,303.8,'N','E','2014-08-07 16:46:11',10),(887,50.882973,20.652355,297.1,'N','E','2014-08-07 16:46:16',10),(888,50.882973,20.652355,297.1,'N','E','2014-08-07 16:46:21',10),(889,50.882973,20.652355,297.1,'N','E','2014-08-07 16:46:26',10),(890,50.88246,20.651912,293,'N','E','2014-08-07 16:46:31',10),(891,50.882288,20.651627,292.7,'N','E','2014-08-07 16:46:36',10),(892,50.882288,20.651627,292.7,'N','E','2014-08-07 16:46:40',10),(893,50.88184,20.65087,290,'N','E','2014-08-07 16:46:45',10),(894,50.88184,20.65087,290,'N','E','2014-08-07 16:46:49',10),(895,50.88184,20.65087,290,'N','E','2014-08-07 16:46:54',10),(896,50.88184,20.65087,290,'N','E','2014-08-07 16:46:59',10),(897,50.881475,20.651093,288.1,'N','E','2014-08-07 16:47:04',10),(898,50.881353,20.651017,286.8,'N','E','2014-08-07 16:47:09',10),(899,50.881353,20.651017,286.8,'N','E','2014-08-07 16:47:13',10),(900,50.881308,20.650955,286.2,'N','E','2014-08-07 16:47:18',10),(901,50.881295,20.650942,286.2,'N','E','2014-08-07 16:47:23',10),(902,50.881147,20.650698,285.8,'N','E','2014-08-07 16:47:28',10),(903,50.881147,20.650698,285.8,'N','E','2014-08-07 16:47:32',10),(904,50.880595,20.649837,284.2,'N','E','2014-08-07 16:47:38',10),(905,50.88015,20.649278,282.8,'N','E','2014-08-07 16:47:43',10),(906,50.879662,20.648598,281.1,'N','E','2014-08-07 16:47:48',10),(907,50.879262,20.648083,279.5,'N','E','2014-08-07 16:47:53',10),(908,50.879262,20.648083,279.5,'N','E','2014-08-07 16:47:57',10),(909,50.8789,20.647585,277.8,'N','E','2014-08-07 16:48:02',10),(910,50.878982,20.64725,275.7,'N','E','2014-08-07 16:48:07',10),(911,50.880005,20.646538,278.5,'N','E','2014-08-07 16:54:08',10),(912,50.880005,20.646538,278.5,'N','E','2014-08-07 16:54:13',10),(913,50.879242,20.646652,278.5,'N','E','2014-08-07 16:54:18',10),(914,50.879458,20.646788,278.5,'N','E','2014-08-07 16:54:24',10),(915,50.878913,20.647277,274.9,'N','E','2014-08-07 16:54:29',10),(916,50.878578,20.647013,274.8,'N','E','2014-08-07 16:54:34',10),(917,50.87814,20.646567,273.6,'N','E','2014-08-07 16:54:39',10),(918,50.87814,20.646567,273.6,'N','E','2014-08-07 16:54:43',10),(919,50.877515,20.645828,272.6,'N','E','2014-08-07 16:54:48',10),(920,50.87736,20.645705,272.4,'N','E','2014-08-07 16:54:53',10),(921,50.87736,20.645705,272.4,'N','E','2014-08-07 16:54:57',10),(922,50.877353,20.645693,272.7,'N','E','2014-08-07 16:55:02',10),(923,50.87736,20.645695,272.8,'N','E','2014-08-07 16:55:07',10),(924,50.87736,20.645695,272.8,'N','E','2014-08-07 16:55:11',10),(925,50.877365,20.645702,273,'N','E','2014-08-07 16:55:16',10),(926,50.877318,20.64564,272.9,'N','E','2014-08-07 16:55:21',10),(927,50.877318,20.64564,272.9,'N','E','2014-08-07 16:55:25',10),(928,50.877008,20.645248,272.6,'N','E','2014-08-07 16:55:30',10),(929,50.877008,20.645248,272.6,'N','E','2014-08-07 16:55:34',10),(930,50.877008,20.645248,272.6,'N','E','2014-08-07 16:55:39',10),(931,50.876437,20.644478,272.8,'N','E','2014-08-07 16:55:44',10),(932,50.876168,20.644102,272.8,'N','E','2014-08-07 16:55:49',10),(933,50.876168,20.644102,272.8,'N','E','2014-08-07 16:55:53',10),(934,50.876168,20.644102,272.8,'N','E','2014-08-07 16:55:58',10),(935,50.875462,20.643177,273,'N','E','2014-08-07 16:56:03',10),(936,50.875127,20.642827,273.2,'N','E','2014-08-07 16:56:08',10),(937,50.875127,20.642827,273.2,'N','E','2014-08-07 16:56:12',10),(938,50.874523,20.64233,272.9,'N','E','2014-08-07 16:56:17',10),(939,50.874123,20.642072,273,'N','E','2014-08-07 16:56:22',10),(940,50.874123,20.642072,273,'N','E','2014-08-07 16:56:26',10),(941,50.873208,20.641517,273.4,'N','E','2014-08-07 16:56:31',10),(942,50.872627,20.64116,273.9,'N','E','2014-08-07 16:56:36',10),(943,50.872113,20.640842,274.1,'N','E','2014-08-07 16:56:41',10),(944,50.872113,20.640842,274.1,'N','E','2014-08-07 16:56:45',10),(945,50.871863,20.640032,273.3,'N','E','2014-08-07 16:56:50',10),(946,50.871863,20.640032,273.3,'N','E','2014-08-07 16:56:54',10),(947,50.871863,20.640032,273.3,'N','E','2014-08-07 16:56:59',10),(948,50.872308,20.638862,274.4,'N','E','2014-08-07 16:57:04',10),(949,50.872315,20.638865,274.2,'N','E','2014-08-07 16:57:09',10),(950,50.872317,20.63887,274,'N','E','2014-08-07 16:57:14',10),(951,50.872317,20.63887,274,'N','E','2014-08-07 16:57:18',10),(952,50.872322,20.638867,272.8,'N','E','2014-08-07 16:57:23',10),(953,50.872325,20.638865,272.2,'N','E','2014-08-07 16:57:28',10),(954,50.872325,20.638865,272.2,'N','E','2014-08-07 16:57:32',10),(955,50.872328,20.638865,271.9,'N','E','2014-08-07 16:57:37',10),(956,50.87233,20.638865,271.9,'N','E','2014-08-07 16:57:42',10),(957,50.87233,20.638865,271.9,'N','E','2014-08-07 16:57:46',10),(958,50.872332,20.638863,272.3,'N','E','2014-08-07 16:57:51',10),(959,50.872332,20.638863,272.3,'N','E','2014-08-07 16:57:55',10),(960,50.872332,20.638863,272.3,'N','E','2014-08-07 16:58:00',10),(961,50.872332,20.638863,272.3,'N','E','2014-08-07 16:58:04',10),(962,50.872332,20.638863,272.3,'N','E','2014-08-07 16:58:09',10),(963,50.872332,20.638863,272.3,'N','E','2014-08-07 16:58:14',10),(964,50.872332,20.638863,272.3,'N','E','2014-08-07 16:58:19',10),(965,50.871585,20.636702,272.1,'N','E','2014-08-07 16:58:24',10),(966,50.871003,20.63644,274,'N','E','2014-08-07 16:58:29',10),(967,50.870433,20.63619,275.9,'N','E','2014-08-07 16:58:34',10),(968,50.870433,20.63619,275.9,'N','E','2014-08-07 16:58:38',10),(969,50.869477,20.635763,279.6,'N','E','2014-08-07 16:58:43',10),(970,50.869158,20.635615,280.4,'N','E','2014-08-07 16:58:48',10),(971,50.869158,20.635615,280.4,'N','E','2014-08-07 16:58:52',10),(972,50.86943,20.634868,281.7,'N','E','2014-08-07 16:58:57',10),(973,50.869773,20.634187,281.4,'N','E','2014-08-07 16:59:02',10),(974,50.869773,20.634187,281.4,'N','E','2014-08-07 16:59:06',10),(975,50.87008,20.63362,280.3,'N','E','2014-08-07 16:59:11',10),(976,50.870088,20.633612,279.6,'N','E','2014-08-07 16:59:16',10),(977,50.870088,20.633612,279.6,'N','E','2014-08-07 16:59:20',10),(978,50.870183,20.633438,279.4,'N','E','2014-08-07 16:59:25',10),(979,50.870183,20.633438,279.4,'N','E','2014-08-07 16:59:29',10),(980,50.870183,20.633438,279.4,'N','E','2014-08-07 16:59:34',10),(981,50.870183,20.633438,279.4,'N','E','2014-08-07 16:59:39',10),(982,50.870293,20.633585,279.1,'N','E','2014-08-07 16:59:44',10),(983,50.870232,20.633505,289.4,'N','E','2014-08-07 17:06:47',10),(984,50.870232,20.633505,289.4,'N','E','2014-08-07 17:06:51',10),(985,50.870232,20.633505,289.4,'N','E','2014-08-07 17:06:57',10),(986,50.870182,20.633408,289.9,'N','E','2014-08-07 17:07:03',10),(987,50.870077,20.63348,285.8,'N','E','2014-08-07 17:07:08',10),(988,50.870077,20.63348,285.8,'N','E','2014-08-07 17:07:13',10),(989,50.869743,20.634145,279.4,'N','E','2014-08-07 17:07:18',10),(990,50.869467,20.63468,277.2,'N','E','2014-08-07 17:07:23',10),(991,50.86912,20.63533,277.1,'N','E','2014-08-07 17:07:29',10),(992,50.869017,20.635533,279,'N','E','2014-08-07 17:07:34',10),(993,50.869045,20.635663,278.4,'N','E','2014-08-07 17:07:39',10),(994,50.869303,20.635765,281.7,'N','E','2014-08-07 17:07:44',10),(995,50.869303,20.635765,281.7,'N','E','2014-08-07 17:07:48',10),(996,50.869303,20.635765,281.7,'N','E','2014-08-07 17:07:53',10),(997,50.869303,20.635765,281.7,'N','E','2014-08-07 17:07:58',10),(998,50.869303,20.635765,281.7,'N','E','2014-08-07 17:08:03',10),(999,50.871753,20.63688,290,'N','E','2014-08-07 17:08:08',10),(1000,50.87215,20.637095,284.3,'N','E','2014-08-07 17:08:13',10),(1001,50.872217,20.637522,278,'N','E','2014-08-07 17:08:18',10),(1002,50.872342,20.638167,275.3,'N','E','2014-08-07 17:08:23',10),(1003,50.872178,20.638757,273.9,'N','E','2014-08-07 17:08:28',10),(1004,50.872178,20.638757,273.9,'N','E','2014-08-07 17:08:32',10),(1005,50.872178,20.638757,273.9,'N','E','2014-08-07 17:08:37',10),(1006,50.872178,20.638757,273.9,'N','E','2014-08-07 17:08:42',10),(1007,50.87154,20.640117,272.6,'N','E','2014-08-07 17:08:48',10),(1008,50.871533,20.64011,272.4,'N','E','2014-08-07 17:08:53',10),(1009,50.871527,20.640107,272.5,'N','E','2014-08-07 17:08:58',10),(1010,50.871527,20.640107,272.5,'N','E','2014-08-07 17:09:02',10),(1011,50.871363,20.640732,273.5,'N','E','2014-08-07 17:09:07',10),(1012,50.871307,20.641168,274.2,'N','E','2014-08-07 17:09:12',10),(1013,50.871307,20.641168,274.2,'N','E','2014-08-07 17:09:17',10),(1014,50.871307,20.641168,274.2,'N','E','2014-08-07 17:09:22',10),(1015,50.871307,20.641168,274.2,'N','E','2014-08-07 17:09:27',10),(1016,50.871307,20.641168,274.2,'N','E','2014-08-07 17:09:32',10),(1017,50.871307,20.641168,274.2,'N','E','2014-08-07 17:09:37',10),(1018,50.871307,20.641168,274.2,'N','E','2014-08-07 17:09:42',10),(1019,50.872477,20.64161,271.5,'N','E','2014-08-07 17:09:49',10),(1020,50.873,20.641713,271.5,'N','E','2014-08-07 17:09:54',10),(1021,50.873,20.641713,271.5,'N','E','2014-08-07 17:09:58',10),(1022,50.873,20.641713,271.5,'N','E','2014-08-07 17:10:03',10),(1023,50.874473,20.642378,268.2,'N','E','2014-08-07 17:10:08',10),(1024,50.875015,20.64279,267.5,'N','E','2014-08-07 17:10:13',10),(1025,50.875467,20.643243,267.6,'N','E','2014-08-07 17:10:18',10),(1026,50.875467,20.643243,267.6,'N','E','2014-08-07 17:10:22',10),(1027,50.875467,20.643243,267.6,'N','E','2014-08-07 17:10:27',10),(1028,50.876127,20.644128,268.4,'N','E','2014-08-07 17:10:32',10),(1029,50.876383,20.644613,269.1,'N','E','2014-08-07 17:10:37',10),(1030,50.876383,20.644613,269.1,'N','E','2014-08-07 17:10:41',10),(1031,50.876383,20.644613,269.1,'N','E','2014-08-07 17:10:46',10),(1032,50.87807,20.647043,275.2,'N','E','2014-08-07 17:10:51',10),(1033,50.878738,20.648013,278.2,'N','E','2014-08-07 17:10:56',10),(1034,50.879383,20.648962,281,'N','E','2014-08-07 17:11:01',10),(1035,50.879383,20.648962,281,'N','E','2014-08-07 17:11:05',10),(1036,50.879383,20.648962,281,'N','E','2014-08-07 17:11:10',10),(1037,50.879383,20.648962,281,'N','E','2014-08-07 17:11:14',10),(1038,50.879383,20.648962,281,'N','E','2014-08-07 17:11:19',10),(1039,50.879383,20.648962,281,'N','E','2014-08-07 17:11:24',10),(1040,50.879383,20.648962,281,'N','E','2014-08-07 17:11:29',10),(1041,50.879383,20.648962,281,'N','E','2014-08-07 17:11:34',10),(1042,50.88014,20.65011,286.9,'N','E','2014-08-07 17:11:39',10),(1043,50.88014,20.65011,286.9,'N','E','2014-08-07 17:11:44',10),(1044,50.88014,20.65011,286.9,'N','E','2014-08-07 17:11:49',10),(1045,50.88014,20.65011,286.9,'N','E','2014-08-07 17:11:54',10),(1046,50.88092,20.65127,289.3,'N','E','2014-08-07 17:11:59',10),(1047,50.881463,20.652077,291,'N','E','2014-08-07 17:12:04',10),(1048,50.882065,20.652962,292.8,'N','E','2014-08-07 17:12:09',10),(1049,50.882627,20.653732,294.1,'N','E','2014-08-07 17:12:14',10),(1050,50.88295,20.654197,295.1,'N','E','2014-08-07 17:12:19',10),(1051,50.883092,20.65417,295.1,'N','E','2014-08-07 17:12:24',10),(1052,50.883023,20.653772,294.8,'N','E','2014-08-07 17:12:29',10),(1053,50.882693,20.653225,293.9,'N','E','2014-08-07 17:12:34',10),(1054,50.88229,20.652548,292.3,'N','E','2014-08-07 17:12:39',10),(1055,50.88229,20.652548,292.3,'N','E','2014-08-07 17:12:44',10),(1056,50.88229,20.652548,292.3,'N','E','2014-08-07 17:12:49',10),(1057,50.881588,20.651047,288.7,'N','E','2014-08-07 17:12:54',10),(1058,50.88177,20.65088,290,'N','E','2014-08-07 17:12:59',10),(1059,50.881892,20.65095,288.7,'N','E','2014-08-07 17:13:04',10),(1060,50.881892,20.65095,288.7,'N','E','2014-08-07 17:13:08',10),(1061,50.882293,20.65163,288.1,'N','E','2014-08-07 17:13:13',10),(1062,50.88245,20.651838,288.5,'N','E','2014-08-07 17:13:18',10),(1063,50.882687,20.652223,289.1,'N','E','2014-08-07 17:13:23',10),(1064,50.882907,20.652502,289.9,'N','E','2014-08-07 17:13:28',10),(1065,50.882907,20.652502,289.9,'N','E','2014-08-07 17:13:32',10),(1066,50.883152,20.651898,292.2,'N','E','2014-08-07 17:13:37',10),(1067,50.883317,20.651727,293.9,'N','E','2014-08-07 17:13:42',10),(1068,50.883317,20.651727,293.9,'N','E','2014-08-07 17:13:46',10),(1069,50.883568,20.651003,298,'N','E','2014-08-07 17:13:51',10),(1070,50.883682,20.650618,301.3,'N','E','2014-08-07 17:13:56',10),(1071,50.883853,20.65012,302.7,'N','E','2014-08-07 17:14:01',10),(1072,50.883853,20.65012,302.7,'N','E','2014-08-07 17:14:05',10),(1073,50.883848,20.649862,305.9,'N','E','2014-08-07 17:14:10',10),(1074,50.883848,20.649862,305.9,'N','E','2014-08-07 17:14:14',10),(1075,50.883848,20.649862,305.9,'N','E','2014-08-07 17:14:19',10),(1076,50.883848,20.649862,305.9,'N','E','2014-08-07 17:14:24',10);
/*!40000 ALTER TABLE `pozycja` ENABLE KEYS */;
UNLOCK TABLES;

--
-- Table structure for table `uzytkownik`
--

DROP TABLE IF EXISTS `uzytkownik`;
/*!40101 SET @saved_cs_client     = @@character_set_client */;
/*!40101 SET character_set_client = utf8 */;
CREATE TABLE `uzytkownik` (
  `id` int(11) NOT NULL AUTO_INCREMENT,
  `login` varchar(20) NOT NULL,
  `haslo` varchar(20) NOT NULL,
  `typ` int(11) NOT NULL,
  `imie` varchar(20) DEFAULT NULL,
  `nazwisko` varchar(45) DEFAULT NULL,
  `zdjecie` mediumblob,
  `data_urodzenia` date DEFAULT NULL,
  PRIMARY KEY (`id`)
) ENGINE=InnoDB AUTO_INCREMENT=2 DEFAULT CHARSET=latin1;
/*!40101 SET character_set_client = @saved_cs_client */;

--
-- Dumping data for table `uzytkownik`
--

LOCK TABLES `uzytkownik` WRITE;
/*!40000 ALTER TABLE `uzytkownik` DISABLE KEYS */;
INSERT INTO `uzytkownik` VALUES (1,'adas','123',2,'Adam','Odrobina',NULL,NULL);
/*!40000 ALTER TABLE `uzytkownik` ENABLE KEYS */;
UNLOCK TABLES;

--
-- Table structure for table `wiadomosc`
--

DROP TABLE IF EXISTS `wiadomosc`;
/*!40101 SET @saved_cs_client     = @@character_set_client */;
/*!40101 SET character_set_client = utf8 */;
CREATE TABLE `wiadomosc` (
  `id` int(11) NOT NULL AUTO_INCREMENT,
  `temat` varchar(50) NOT NULL,
  `tresc` text,
  `id_uzytkownik_from` int(11) DEFAULT NULL,
  `id_uzytkownik_to` int(11) DEFAULT NULL,
  PRIMARY KEY (`id`),
  KEY `id_uzytkownik_from_FK_idx` (`id_uzytkownik_from`),
  KEY `id_uzytkownik_from_FK_idx1` (`id_uzytkownik_to`),
  CONSTRAINT `id_uzytkownik_from_FK` FOREIGN KEY (`id_uzytkownik_from`) REFERENCES `uzytkownik` (`id`) ON DELETE SET NULL ON UPDATE SET NULL,
  CONSTRAINT `id_uzytkownik_to_FK` FOREIGN KEY (`id_uzytkownik_to`) REFERENCES `uzytkownik` (`id`) ON DELETE SET NULL ON UPDATE SET NULL
) ENGINE=InnoDB DEFAULT CHARSET=latin1;
/*!40101 SET character_set_client = @saved_cs_client */;

--
-- Dumping data for table `wiadomosc`
--

LOCK TABLES `wiadomosc` WRITE;
/*!40000 ALTER TABLE `wiadomosc` DISABLE KEYS */;
/*!40000 ALTER TABLE `wiadomosc` ENABLE KEYS */;
UNLOCK TABLES;
/*!40103 SET TIME_ZONE=@OLD_TIME_ZONE */;

/*!40101 SET SQL_MODE=@OLD_SQL_MODE */;
/*!40014 SET FOREIGN_KEY_CHECKS=@OLD_FOREIGN_KEY_CHECKS */;
/*!40014 SET UNIQUE_CHECKS=@OLD_UNIQUE_CHECKS */;
/*!40101 SET CHARACTER_SET_CLIENT=@OLD_CHARACTER_SET_CLIENT */;
/*!40101 SET CHARACTER_SET_RESULTS=@OLD_CHARACTER_SET_RESULTS */;
/*!40101 SET COLLATION_CONNECTION=@OLD_COLLATION_CONNECTION */;
/*!40111 SET SQL_NOTES=@OLD_SQL_NOTES */;

-- Dump completed on 2016-07-10 15:36:52
